time_utc,backbone_probability,saocp_threshold,static_threshold,catalog_active,static_point_label,saocp_point_label
2014-06-29 08:47:11.609,0.4962117672,0.7200843096,0.9,0,0,0
2014-06-29 08:48:51.861,0.4962117672,0.7200843096,0.9,0,0,0
2014-06-29 08:50:33.369,0.4962117672,0.7200843096,0.9,0,0,0
2014-06-29 08:52:11.937,0.4962117672,0.7200843096,0.9,0,0,0
2014-06-29 08:53:52.048,0.4962117672,0.7200843096,0.9,0,0,0
2014-06-29 08:55:29.076,0.4962117672,0.7200843096,0.9,0,0,0
2014-06-29 08:57:07.611,0.4962117672,0.7200843096,0.9,0,0,0
2014-06-29 08:58:46.214,0.4962117672,0.7200843096,0.9,0,0,0
2014-06-29 09:00:26.324,0.4962117672,0.7200843096,0.9,0,0,0
2014-06-29 09:02:04.894,0.4962117672,0.7200843096,0.9,0,0,0
2014-06-29 09:03:37.302,0.4962117672,0.7200843096,0.9,0,0,0
2014-06-29 09:05:25.113,0.4962117672,0.7200843096,0.9,0,0,0
2014-06-29 09:07:00.601,0.4962117672,0.7200843096,0.9,0,0,0
2014-06-29 09:08:37.632,0.4962117672,0.7200843096,0.9,0,0,0
2014-06-29 09:10:17.738,0.4962117672,0.7200843096,0.9,0,0,0
2014-06-29 09:11:56.308,0.4962117672,0.7200843096,0.9,0,0,0
2014-06-29 09:13:33.480,0.4962117672,0.7200843096,0.9,0,0,0
2014-06-29 09:15:12.046,0.4962117672,0.7200843096,0.9,0,0,0
2014-06-29 09:16:50.617,0.4962117672,0.7200843096,0.9,0,0,0
2014-06-29 09:18:29.046,0.4962117672,0.7200843096,0.9,0,0,0
2014-06-29 09:19:59.914,0.4962117672,0.7200843096,0.9,0,0,0
2014-06-29 09:21:40.164,0.4962117672,0.7200843096,0.9,0,0,0
2014-06-29 09:23:21.812,0.4962117672,0.7200843096,0.9,0,0,0
2014-06-29 09:25:00.382,0.4962117672,0.7200843096,0.9,0,0,0
2014-06-29 09:26:38.953,0.4962117672,0.7200843096,0.9,0,0,0
2014-06-29 09:28:17.519,0.4962117672,0.7200843096,0.9,0,0,0
2014-06-29 09:29:56.093,0.4962117672,0.7200843096,0.9,0,0,0
2014-06-29 09:31:34.660,0.4962117672,0.7200843096,0.9,0,0,0
2014-06-29 09:33:13.226,0.4962117672,0.7200843096,0.9,0,0,0
2014-06-29 09:34:51.800,0.4962117672,0.7200843096,0.9,0,0,0
2014-06-29 09:36:24.207,0.4962117672,0.7200843096,0.9,0,0,0
2014-06-29 09:38:12.015,0.4962117672,0.7200843096,0.9,0,0,0
2014-06-29 09:39:47.507,0.4962117672,0.7200843096,0.9,0,0,0
2014-06-29 09:41:26.074,0.4962117672,0.7200843096,0.9,0,0,0
2014-06-29 09:43:04.644,0.4962117672,0.7200843096,0.9,0,0,0
2014-06-29 09:44:43.214,0.4962117672,0.7200843096,0.9,0,0,0
2014-06-29 09:46:21.781,0.4962117672,0.7200843096,0.9,0,0,0
2014-06-29 09:48:00.351,0.4962117672,0.7200843096,0.9,0,0,0
2014-06-29 09:49:41.859,0.4962117672,0.7200843096,0.9,0,0,0
2014-06-29 09:51:17.488,0.4962117672,0.7200843096,0.9,0,0,0
2014-06-29 09:52:52.156,0.4962117672,0.7200843096,0.9,0,0,0
2014-06-29 09:54:37.742,0.4962117672,0.7200843096,0.9,0,0,0
2014-06-29 09:56:13.199,0.4962117672,0.7200843096,0.9,0,0,0
2014-06-29 09:57:51.765,0.4962117672,0.7200843096,0.9,0,0,0
2014-06-29 09:59:30.339,0.4962117672,0.7200843096,0.9,0,0,0
2014-06-29 10:01:08.906,0.4962117672,0.7200843096,0.9,0,0,0
2014-06-29 10:02:47.476,0.4962117672,0.7200843096,0.9,0,0,0
2014-06-29 10:04:26.046,0.4962117672,0.7200843096,0.9,0,0,0
2014-06-29 10:06:04.613,0.4962117672,0.7200843096,0.9,0,0,0
2014-06-29 10:07:43.183,0.4962117672,0.7200843096,0.9,0,0,0
2014-06-29 10:09:15.589,0.4962117672,0.7200843096,0.9,0,0,0
2014-06-29 10:11:03.402,0.4962117672,0.6906374097,0.9,0,0,0
2014-06-29 10:12:38.890,0.4962117672,0.6906374097,0.9,0,0,0
2014-06-29 10:14:14.238,0.4962117672,0.6906374097,0.9,0,0,0
2014-06-29 10:15:52.808,0.4962117672,0.6906374097,0.9,0,0,0
2014-06-29 10:17:31.343,0.4962117672,0.6906374097,0.9,0,0,0
2014-06-29 10:19:09.910,0.4962117672,0.6906374097,0.9,0,0,0
2014-06-29 10:20:48.480,0.4962117672,0.6906374097,0.9,0,0,0
2014-06-29 10:22:27.050,0.4962117672,0.6906374097,0.9,0,0,0
2014-06-29 10:24:05.621,0.4962117672,0.6906374097,0.9,0,0,0
2014-06-29 10:25:40.390,0.4962117672,0.6906374097,0.9,0,0,0
2014-06-29 10:27:26.660,0.4962117672,0.6906374097,0.9,0,0,0
2014-06-29 10:29:02.152,0.4962117672,0.6906374097,0.9,0,0,0
2014-06-29 10:45:30.277,0.4962117672,0.6906374097,0.9,0,0,0
2014-06-29 10:47:08.843,0.4962117672,0.6906374097,0.9,0,0,0
2014-06-29 10:48:50.351,0.4962117672,0.6906374097,0.9,0,0,0
2014-06-29 10:50:25.949,0.4962117672,0.6906374097,0.9,0,0,0
2014-06-29 10:52:04.519,0.4962117672,0.6906374097,0.9,0,0,0
2014-06-29 10:57:00.261,0.4962117672,0.6906374097,0.9,0,0,0
2014-06-29 11:01:53.535,0.4962117672,0.6906374097,0.9,0,0,0
2014-06-29 11:03:32.105,0.4962117672,0.6906374097,0.9,0,0,0
2014-06-29 11:05:10.675,0.4962117672,0.6906374097,0.9,0,0,0
2014-06-29 11:06:49.242,0.4962117672,0.6906374097,0.9,0,0,0
2014-06-29 11:08:27.812,0.4962117672,0.6906374097,0.9,0,0,0
2014-06-29 11:10:06.382,0.4962117672,0.6906374097,0.9,0,0,0
2014-06-29 11:11:47.351,0.4962117672,0.6906374097,0.9,0,0,0
2014-06-29 11:13:25.953,0.4962117672,0.6906374097,0.9,0,0,0
2014-06-29 11:14:58.324,0.4962117672,0.6906374097,0.9,0,0,0
2014-06-29 11:16:43.738,0.4962117672,0.6906374097,0.9,0,0,0
2014-06-29 11:18:19.230,0.4962117672,0.6906374097,0.9,0,0,0
2014-06-29 11:19:57.796,0.4962117672,0.6906374097,0.9,0,0,0
2014-06-29 11:24:54.773,0.4962117672,0.6906374097,0.9,0,0,0
2014-06-29 11:26:34.472,0.4962117672,0.6906374097,0.9,0,0,0
2014-06-29 11:28:12.902,0.4962117672,0.6906374097,0.9,0,0,0
2014-06-29 11:29:49.214,0.4962117672,0.6906374097,0.9,0,0,0
2014-06-29 11:31:24.015,0.4962117672,0.6906374097,0.9,0,0,0
2014-06-29 11:33:09.500,0.4962117672,0.6906374097,0.9,0,0,0
2014-06-29 11:34:44.921,0.4962117672,0.6906374097,0.9,0,0,0
2014-06-29 11:36:23.492,0.4962117672,0.6906374097,0.9,0,0,0
2014-06-29 11:38:04.351,0.4962117672,0.6906374097,0.9,0,0,0
2014-06-29 11:39:40.699,0.4962117672,0.6906374097,0.9,0,0,0
2014-06-29 11:41:21.597,0.4962117672,0.6906374097,0.9,0,0,0
2014-06-29 11:46:17.304,0.4962117672,0.6906374097,0.9,0,0,0
2014-06-29 11:47:49.710,0.4962117672,0.6906374097,0.9,0,0,0
2014-06-29 11:49:35.121,0.4962117672,0.6906374097,0.9,0,0,0
2014-06-29 11:51:10.613,0.4962117672,0.6906374097,0.9,0,0,0
2014-06-29 11:52:49.183,0.4962117672,0.6906374097,0.9,0,0,0
2014-06-29 11:54:30.148,0.4962117672,0.6906374097,0.9,0,0,0
2014-06-29 11:56:11.656,0.4962117672,0.6906374097,0.9,0,0,0
2014-06-29 11:57:44.207,0.4962117672,0.6906374097,0.9,0,0,0
2014-06-29 11:59:22.636,0.4962117672,0.6906374097,0.9,0,0,0
2014-06-29 12:01:04.425,0.4962117672,0.6906374097,0.9,0,0,0
2014-06-29 12:02:40.597,0.4962117672,0.6906374097,0.9,0,0,0
2014-06-29 12:04:15.402,0.4962117672,0.6906374097,0.9,0,0,0
2014-06-29 12:06:00.816,0.4962117672,0.6906374097,0.9,0,0,0
2014-06-29 12:07:36.304,0.4962117672,0.6906374097,0.9,0,0,0
2014-06-29 12:09:14.875,0.4962117672,0.6906374097,0.9,0,0,0
2014-06-29 12:10:52.761,0.4962117672,0.6906374097,0.9,0,0,0
2014-06-29 12:12:34.273,0.4962117672,0.6906374097,0.9,0,0,0
2014-06-29 12:12:34.273,0.4962117672,0.6906374097,0.9,0,0,0
2014-06-29 12:17:27.039,0.4962117672,0.6906374097,0.9,0,0,0
2014-06-29 12:19:50.707,0.4962117672,0.6906374097,0.9,0,0,0
2014-06-29 12:20:40.988,0.4962117672,0.6906374097,0.9,0,0,0
2014-06-29 12:22:59.027,0.4962117672,0.6906374097,0.9,0,0,0
2014-06-29 12:24:01.316,0.4962117672,0.6906374097,0.9,0,0,0
2014-06-29 12:25:42.824,0.4962117672,0.6859653592,0.9,0,0,0
2014-06-29 12:27:21.429,0.4962117672,0.6859653592,0.9,0,0,0
2014-06-29 12:28:57.023,0.4962117672,0.6859653592,0.9,0,0,0
2014-06-29 12:30:38.535,0.4962117672,0.6859653592,0.9,0,0,0
2014-06-29 12:32:17.277,0.4962117672,0.6859653592,0.9,0,0,0
2014-06-29 12:33:55.812,0.4962117672,0.6859653592,0.9,0,0,0
2014-06-29 12:38:52.199,0.4962117672,0.6859653592,0.9,0,0,0
2014-06-29 12:40:27.691,0.4962117672,0.6859653592,0.9,0,0,0
2014-06-29 12:45:25.656,0.4962117672,0.6859653592,0.9,0,0,0
2014-06-29 12:47:04.226,0.4962117672,0.6859653592,0.9,0,0,0
2014-06-29 12:48:42.832,0.4962117672,0.6859653592,0.9,0,0,0
2014-06-29 12:50:21.398,0.4962117672,0.6859653592,0.9,0,0,0
2014-06-29 12:51:59.933,0.4962117672,0.6859653592,0.9,0,0,0
2014-06-29 12:53:33.917,0.4962117672,0.6859653592,0.9,0,0,0
2014-06-29 12:55:20.187,0.4962117672,0.6859653592,0.9,0,0,0
2014-06-29 12:56:55.640,0.4962117672,0.6859653592,0.9,0,0,0
2014-06-29 12:58:34.246,0.4962117672,0.6859653592,0.9,0,0,0
2014-06-29 12:58:34.351,0.4962117672,0.6859653592,0.9,0,0,0
2014-06-29 13:05:08.628,0.4962117672,0.6859653592,0.9,0,0,0
2014-06-29 13:06:47.199,0.4962117672,0.6859653592,0.9,0,0,0
2014-06-29 13:08:25.765,0.4962117672,0.6859653592,0.9,0,0,0
2014-06-29 13:09:58.171,0.4962117672,0.6859653592,0.9,0,0,0
2014-06-29 13:11:45.984,0.4962117672,0.6859653592,0.9,0,0,0
2014-06-29 13:13:21.476,0.4962117672,0.6859653592,0.9,0,0,0
2014-06-29 13:14:57.714,0.4962117672,0.6859653592,0.9,0,0,0
2014-06-29 13:16:38.648,0.4962117672,0.6859653592,0.9,0,0,0
2014-06-29 13:21:28.843,0.4962117672,0.6859653592,0.9,0,0,0
2014-06-29 13:23:07.410,0.4962117672,0.6859653592,0.9,0,0,0
2014-06-29 13:24:45.980,0.4962117672,0.6859653592,0.9,0,0,0
2014-06-29 13:26:20.000,0.4962117672,0.6859653592,0.9,0,0,0
2014-06-29 13:28:06.269,0.4962117672,0.6859653592,0.9,0,0,0
2014-06-29 13:29:41.757,0.4962117672,0.6859653592,0.9,0,0,0
2014-06-29 13:31:19.468,0.4962117672,0.6859653592,0.9,0,0,0
2014-06-29 13:32:58.039,0.4962117672,0.6859653592,0.9,0,0,0
2014-06-29 13:34:37.468,0.4962117672,0.6859653592,0.9,0,0,0
2014-06-29 13:36:18.363,0.4962117672,0.6859653592,0.9,0,0,0
2014-06-29 13:42:46.511,0.4962117672,0.6859653592,0.9,0,0,0
2014-06-29 13:44:34.183,0.4962117672,0.6859653592,0.9,0,0,0
2014-06-29 13:46:09.675,0.4962117672,0.6859653592,0.9,0,0,0
2014-06-29 13:47:48.382,0.4962117672,0.6859653592,0.9,0,0,0
2014-06-29 13:56:01.226,0.4962117672,0.6859653592,0.9,0,0,0
2014-06-29 13:57:39.800,0.4962117672,0.6859653592,0.9,0,0,0
2014-06-29 13:59:13.609,0.4962117672,0.6859653592,0.9,0,0,0
2014-06-29 14:01:00.015,0.4962117672,0.6859653592,0.9,0,0,0
2014-06-29 14:02:35.507,0.4962117672,0.6859653592,0.9,0,0,0
2014-06-29 14:04:14.078,0.4962117672,0.6859653592,0.9,0,0,0
2014-06-29 14:07:28.132,0.4962117672,0.6859653592,0.9,0,0,0
2014-06-29 14:09:09.785,0.4962117672,0.6859653592,0.9,0,0,0
2014-06-29 14:10:48.355,0.4962117672,0.6859653592,0.9,0,0,0
2014-06-29 14:12:26.921,0.4962117672,0.6859653592,0.9,0,0,0
2014-06-29 14:14:05.488,0.4962117672,0.6859653592,0.9,0,0,0
2014-06-29 14:15:37.726,0.4962117672,0.6859653592,0.9,0,0,0
2014-06-29 14:17:25.710,0.4962117672,0.6859653592,0.9,0,0,0
2014-06-29 14:18:59.515,0.4962117672,0.6859653592,0.9,0,0,0
2014-06-29 14:20:36.691,0.4962117672,0.6859653592,0.9,0,0,0
2014-06-29 14:22:15.117,0.4962117672,0.6859653592,0.9,0,0,0
2014-06-29 14:23:53.828,0.4962117672,0.6859653592,0.9,0,0,0
2014-06-29 14:25:32.398,0.4962117672,0.6859653592,0.9,0,0,0
2014-06-29 14:27:10.964,0.4962117672,0.6859653592,0.9,0,0,0
2014-06-29 14:28:49.394,0.4962117672,0.6859653592,0.9,0,0,0
2014-06-29 14:30:24.882,0.4962117672,0.6859653592,0.9,0,0,0
2014-06-29 14:30:24.882,0.4962117672,0.6859653592,0.9,0,0,0
2014-06-29 14:30:24.882,0.4962117672,0.6859653592,0.9,0,0,0
2014-06-29 14:30:27.964,0.4962117672,0.6859653592,0.9,0,0,0
2014-06-29 14:37:02.382,0.4962117672,0.6962237954,0.9,0,0,0
2014-06-29 14:41:58.089,0.4962117672,0.6962237954,0.9,0,0,0
2014-06-29 14:43:36.660,0.4962117672,0.6962237954,0.9,0,0,0
2014-06-29 14:45:15.222,0.4962117672,0.6962237954,0.9,0,0,0
2014-06-29 14:46:53.796,0.4962117672,0.6962237954,0.9,0,0,0
2014-06-29 14:48:26.203,0.4962117672,0.6962237954,0.9,0,0,0
2014-06-29 14:50:14.015,0.4962117672,0.6962237954,0.9,0,0,0
2014-06-29 14:51:49.503,0.4962117672,0.6962237954,0.9,0,0,0
2014-06-29 14:53:28.074,0.4962117672,0.6962237954,0.9,0,0,0
2014-06-29 14:55:06.644,0.4962117672,0.6962237954,0.9,0,0,0
2014-06-29 14:56:45.214,0.4962117672,0.6962237954,0.9,0,0,0
2014-06-29 14:58:23.781,0.4962117672,0.6962237954,0.9,0,0,0
2014-06-29 15:00:02.351,0.4962117672,0.6962237954,0.9,0,0,0
2014-06-29 15:01:40.921,0.4962117672,0.6962237954,0.9,0,0,0
2014-06-29 15:03:19.492,0.4962117672,0.6962237954,0.9,0,0,0
2014-06-29 15:04:51.894,0.4962117672,0.6962237954,0.9,0,0,0
2014-06-29 15:06:39.707,0.4962117672,0.6962237954,0.9,0,0,0
2014-06-29 15:08:15.199,0.4962117672,0.6962237954,0.9,0,0,0
2014-06-29 15:09:53.769,0.4962117672,0.6962237954,0.9,0,0,0
2014-06-29 15:11:32.332,0.4962117672,0.6962237954,0.9,0,0,0
2014-06-29 15:13:10.906,0.4962117672,0.6962237954,0.9,0,0,0
2014-06-29 15:14:49.441,0.4962117672,0.6962237954,0.9,0,0,0
2014-06-29 15:16:28.046,0.4962117672,0.6962237954,0.9,0,0,0
2014-06-29 15:18:06.613,0.4962117672,0.6962237954,0.9,0,0,0
2014-06-29 15:19:45.179,0.4962117672,0.6962237954,0.9,0,0,0
2014-06-29 15:21:17.453,0.4962117672,0.6962237954,0.9,0,0,0
2014-06-29 15:23:05.402,0.4962117672,0.6962237954,0.9,0,0,0
2014-06-29 15:24:40.886,0.4962117672,0.6962237954,0.9,0,0,0
2014-06-29 15:26:19.460,0.4962117672,0.6962237954,0.9,0,0,0
2014-06-29 15:27:58.031,0.4962117672,0.6962237954,0.9,0,0,0
2014-06-29 15:29:33.374,0.4962117672,0.6962237954,0.9,0,0,0
2014-06-29 15:31:12.804,0.4962117672,0.6962237954,0.9,0,0,0
2014-06-29 15:32:51.375,0.4962117672,0.6962237954,0.9,0,0,0
2014-06-29 15:34:32.304,0.4962117672,0.6962237954,0.9,0,0,0
2014-06-29 15:36:08.511,0.4962117672,0.6962237954,0.9,0,0,0
2014-06-29 15:37:42.460,0.4962117672,0.6962237954,0.9,0,0,0
2014-06-29 15:39:28.730,0.4962117672,0.6962237954,0.9,0,0,0
2014-06-29 15:41:04.222,0.4962117672,0.6962237954,0.9,0,0,0
2014-06-29 15:42:42.789,0.4962117672,0.6962237954,0.9,0,0,0
2014-06-29 15:44:21.359,0.4962117672,0.6962237954,0.9,0,0,0
2014-06-29 15:46:02.292,0.4962117672,0.6962237954,0.9,0,0,0
2014-06-29 15:47:40.859,0.4962117672,0.6962237954,0.9,0,0,0
2014-06-29 15:49:19.429,0.4962117672,0.6962237954,0.9,0,0,0
2014-06-29 15:50:58.000,0.4962117672,0.6962237954,0.9,0,0,0
2014-06-29 15:52:35.746,0.4962117672,0.6962237954,0.9,0,0,0
2014-06-29 15:54:08.972,0.4962117672,0.6962237954,0.9,0,0,0
2014-06-29 15:55:54.421,0.4962117672,0.6962237954,0.9,0,0,0
2014-06-29 15:57:29.054,0.4962117672,0.6962237954,0.9,0,0,0
2014-06-29 15:59:07.624,0.4962117672,0.6962237954,0.9,0,0,0
2014-06-29 16:00:46.191,0.4962117672,0.6962237954,0.9,0,0,0
2014-06-29 16:02:27.843,0.4962117672,0.6962237954,0.9,0,0,0
2014-06-29 16:04:06.554,0.4962117672,0.6962237954,0.9,0,0,0
2014-06-29 16:05:45.121,0.4962117672,0.6962237954,0.9,0,0,0
2014-06-29 16:07:23.691,0.4962117672,0.6962237954,0.9,0,0,0
2014-06-29 16:08:59.828,0.4962117672,0.6962237954,0.9,0,0,0
2014-06-29 16:10:36.070,0.4962117672,0.6962237954,0.9,0,0,0
2014-06-29 16:12:20.046,0.4962117672,0.6962237954,0.9,0,0,0
2014-06-29 16:13:57.828,0.4962117672,0.6962237954,0.9,0,0,0
2014-06-29 16:15:30.238,0.4962117672,0.6962237954,0.9,0,0,0
2014-06-29 16:17:18.046,0.4962117672,0.6962237954,0.9,0,0,0
2014-06-29 16:18:50.453,0.4962117672,0.6962237954,0.9,0,0,0
2014-06-29 16:20:29.023,0.4962117672,0.6962237954,0.9,0,0,0
2014-06-29 16:22:07.593,0.4962117672,0.6962237954,0.9,0,0,0
2014-06-29 16:23:46.164,0.4962117672,0.6962237954,0.9,0,0,0
2014-06-29 16:25:24.734,0.4962117672,0.6739001274,0.9,0,0,0
2014-06-29 16:26:58.679,0.4962117672,0.6739001274,0.9,0,0,0
2014-06-29 16:28:44.953,0.4962117672,0.6739001274,0.9,0,0,0
2014-06-29 16:30:20.441,0.4962117672,0.6739001274,0.9,0,0,0
2014-06-29 16:31:58.976,0.4962117672,0.6739001274,0.9,0,0,0
2014-06-29 16:33:37.542,0.4962117672,0.6739001274,0.9,0,0,0
2014-06-29 16:35:16.113,0.4962117672,0.6739001274,0.9,0,0,0
2014-06-29 16:36:54.683,0.4962117672,0.6739001274,0.9,0,0,0
2014-06-29 16:38:32.292,0.4962117672,0.6739001274,0.9,0,0,0
2014-06-29 16:40:12.644,0.4962117672,0.6739001274,0.9,0,0,0
2014-06-29 16:41:53.507,0.4962117672,0.6739001274,0.9,0,0,0
2014-06-29 16:43:24.374,0.4962117672,0.6739001274,0.9,0,0,0
2014-06-29 16:45:13.722,0.4962117672,0.6739001274,0.9,0,0,0
2014-06-29 16:46:49.355,0.4962117672,0.6739001274,0.9,0,0,0
2014-06-29 16:48:29.324,0.4962117672,0.6739001274,0.9,0,0,0
2014-06-29 16:50:06.496,0.4962117672,0.6739001274,0.9,0,0,0
2014-06-29 16:51:48.859,0.4962117672,0.6739001274,0.9,0,0,0
2014-06-29 16:53:23.492,0.4962117672,0.6739001274,0.9,0,0,0
2014-06-29 16:55:02.062,0.4962117672,0.6739001274,0.9,0,0,0
2014-06-29 16:56:40.734,0.4962117672,0.6739001274,0.9,0,0,0
2014-06-29 16:58:22.242,0.4962117672,0.6739001274,0.9,0,0,0
2014-06-29 16:59:53.933,0.4962117672,0.6739001274,0.9,0,0,0
2014-06-29 17:01:33.363,0.4962117672,0.6739001274,0.9,0,0,0
2014-06-29 17:03:15.011,0.4962117672,0.6739001274,0.9,0,0,0
2014-06-29 17:04:56.554,0.4962117672,0.6739001274,0.9,0,0,0
2014-06-29 17:06:27.390,0.4962117672,0.6739001274,0.9,0,0,0
2014-06-29 17:08:10.617,0.4962117672,0.6739001274,0.9,0,0,0
2014-06-29 17:09:49.148,0.4962117672,0.6739001274,0.9,0,0,0
2014-06-29 17:11:27.753,0.4962117672,0.6739001274,0.9,0,0,0
2014-06-29 17:13:09.367,0.4962117672,0.6739001274,0.9,0,0,0
2014-06-29 17:14:40.238,0.4962117672,0.6739001274,0.9,0,0,0
2014-06-29 17:16:18.804,0.4962117672,0.6739001274,0.9,0,0,0
2014-06-29 17:18:01.996,0.4962117672,0.6739001274,0.9,0,0,0
2014-06-29 17:19:40.707,0.4962117672,0.6739001274,0.9,0,0,0
2014-06-29 17:21:19.273,0.4962117672,0.6739001274,0.9,0,0,0
2014-06-29 17:22:57.843,0.4962117672,0.6739001274,0.9,0,0,0
2014-06-29 17:24:36.308,0.4962117672,0.6739001274,0.9,0,0,0
2014-06-29 17:26:16.417,0.4962117672,0.6739001274,0.9,0,0,0
2014-06-29 17:27:53.550,0.4962117672,0.6739001274,0.9,0,0,0
2014-06-29 17:29:31.980,0.4962117672,0.6739001274,0.9,0,0,0
2014-06-29 17:31:10.550,0.4962117672,0.6739001274,0.9,0,0,0
2014-06-29 17:32:41.453,0.4962117672,0.6739001274,0.9,0,0,0
2014-06-29 17:34:24.644,0.4962117672,0.6739001274,0.9,0,0,0
2014-06-29 17:36:06.292,0.4962117672,0.6739001274,0.9,0,0,0
2014-06-29 17:37:37.300,0.4962117672,0.6739001274,0.9,0,0,0
2014-06-29 17:39:21.855,0.4962117672,0.6739001274,0.9,0,0,0
2014-06-29 17:41:01.999,0.4962117672,0.6739001274,0.9,0,0,0
2014-06-29 17:42:40.535,0.4962117672,0.6739001274,0.9,0,0,0
2014-06-29 17:44:17.597,0.4962117672,0.6739001274,0.9,0,0,0
2014-06-29 17:45:56.273,0.4962117672,0.6739001274,0.9,0,0,0
2014-06-29 17:47:36.242,0.4962117672,0.6739001274,0.9,0,0,0
2014-06-29 17:49:07.109,0.4962117672,0.6739001274,0.9,0,0,0
2014-06-29 17:50:59.507,0.4962117672,0.6739001274,0.9,0,0,0
2014-06-29 17:52:29.695,0.4962117672,0.6739001274,0.9,0,0,0
2014-06-29 17:54:04.359,0.4962117672,0.6739001274,0.9,0,0,0
2014-06-29 17:55:52.167,0.4962117672,0.6739001274,0.9,0,0,0
2014-06-29 17:57:24.578,0.4962117672,0.6739001274,0.9,0,0,0
2014-06-29 17:59:03.183,0.4962117672,0.6739001274,0.9,0,0,0
2014-06-29 18:00:41.855,0.4962117672,0.6739001274,0.9,0,0,0
2014-06-29 18:02:20.425,0.4962117672,0.6739001274,0.9,0,0,0
2014-06-29 18:03:58.996,0.4962117672,0.6739001274,0.9,0,0,0
2014-06-29 18:05:34.339,0.4962117672,0.6739001274,0.9,0,0,0
2014-06-29 18:07:22.292,0.4962117672,0.6739001274,0.9,0,0,0
2014-06-29 18:08:57.785,0.4962117672,0.6739001274,0.9,0,0,0
2014-06-29 18:10:36.355,0.4962117672,0.7453959584,0.9,0,0,0
2014-06-29 18:12:17.859,0.4962117672,0.7453959584,0.9,0,0,0
2014-06-29 18:13:58.109,0.4962117672,0.7453959584,0.9,0,0,0
2014-06-29 18:15:30.523,0.4962117672,0.7453959584,0.9,0,0,0
2014-06-29 18:17:07.554,0.4962117672,0.7453959584,0.9,0,0,0
2014-06-29 18:18:58.304,0.4962117672,0.7453959584,0.9,0,0,0
2014-06-29 18:20:24.554,0.4962117672,0.7453959584,0.9,0,0,0
2014-06-29 18:22:03.289,0.4962117672,0.7453959584,0.9,0,0,0
2014-06-29 18:23:38.742,0.4962117672,0.7453959584,0.9,0,0,0
2014-06-29 18:25:26.414,0.4962117672,0.7453959584,0.9,0,0,0
2014-06-29 18:26:55.882,0.4962117672,0.7453959584,0.9,0,0,0
2014-06-29 18:28:38.218,0.4962117672,0.7453959584,0.9,0,0,0
2014-06-29 18:30:15.968,0.4962117672,0.7453959584,0.9,0,0,0
2014-06-29 18:31:54.539,0.4962117672,0.7453959584,0.9,0,0,0
2014-06-29 18:33:33.101,0.4962117672,0.7453959584,0.9,0,0,0
2014-06-29 18:35:11.671,0.4962117672,0.7453959584,0.9,0,0,0
2014-06-29 18:36:50.242,0.4962117672,0.7453959584,0.9,0,0,0
2014-06-29 18:38:30.492,0.4962117672,0.7453959584,0.9,0,0,0
2014-06-29 18:40:10.601,0.4962117672,0.7453959584,0.9,0,0,0
2014-06-29 18:41:43.015,0.4962117672,0.7453959584,0.9,0,0,0
2014-06-29 18:43:21.578,0.4962117672,0.7453959584,0.9,0,0,0
2014-06-29 18:45:00.007,0.4962117672,0.7453959584,0.9,0,0,0
2014-06-29 18:49:55.718,0.4962117672,0.7453959584,0.9,0,0,0
2014-06-29 18:51:32.742,0.4962117672,0.7453959584,0.9,0,0,0
2014-06-29 18:53:12.851,0.4962117672,0.7453959584,0.9,0,0,0
2014-06-29 18:54:52.960,0.4962117672,0.7453959584,0.9,0,0,0
2014-06-29 18:56:28.624,0.4962117672,0.7453959584,0.9,0,0,0
2014-06-29 18:58:08.562,0.4962117672,0.7453959584,0.9,0,0,0
2014-06-29 18:59:51.750,0.4962117672,0.7453959584,0.9,0,0,0
2014-06-29 19:01:19.539,0.4962117672,0.7453959584,0.9,0,0,0
2014-06-29 19:03:04.406,0.4962117672,0.7453959584,0.9,0,0,0
2014-06-29 19:04:42.984,0.4962117672,0.7453959584,0.9,0,0,0
2014-06-29 19:06:21.554,0.4962117672,0.7453959584,0.9,0,0,0
2014-06-29 19:07:58.437,0.4962117672,0.7453959584,0.9,0,0,0
2014-06-29 19:09:32.554,0.4962117672,0.7453959584,0.9,0,0,0
2014-06-29 19:11:18.656,0.4962117672,0.7453959584,0.9,0,0,0
2014-06-29 19:12:54.281,0.4962117672,0.7453959584,0.9,0,0,0
2014-06-29 19:14:32.710,0.4962117672,0.7453959584,0.9,0,0,0
2014-06-29 19:16:12.820,0.4962117672,0.7453959584,0.9,0,0,0
2014-06-29 19:17:51.398,0.4962117672,0.7453959584,0.9,0,0,0
2014-06-29 19:19:17.679,0.4962117672,0.7453959584,0.9,0,0,0
2014-06-29 19:21:08.562,0.4962117672,0.7453959584,0.9,0,0,0
2014-06-29 19:22:50.210,0.4962117672,0.7453959584,0.9,0,0,0
2014-06-29 19:24:28.781,0.4962117672,0.7453959584,0.9,0,0,0
2014-06-29 19:26:07.351,0.4962117672,0.7453959584,0.9,0,0,0
2014-06-29 19:27:39.765,0.4962117672,0.7453959584,0.9,0,0,0
2014-06-29 19:29:27.578,0.4962117672,0.7453959584,0.9,0,0,0
2014-06-29 19:31:03.062,0.4962117672,0.7453959584,0.9,0,0,0
2014-06-29 19:32:41.632,0.4962117672,0.7453959584,0.9,0,0,0
2014-06-29 19:34:20.164,0.4962117672,0.7453959584,0.9,0,0,0
2014-06-29 19:35:58.734,0.4962117672,0.7453959584,0.9,0,0,0
2014-06-29 19:37:37.304,0.4962117672,0.7453959584,0.9,0,0,0
2014-06-29 19:39:18.953,0.4962117672,0.7453959584,0.9,0,0,0
2014-06-29 19:40:51.367,0.4962117672,0.7453959584,0.9,0,0,0
2014-06-29 19:42:36.093,0.4962117672,0.7453959584,0.9,0,0,0
2014-06-29 19:44:04.015,0.4962117672,0.7453959584,0.9,0,0,0
2014-06-29 19:45:47.070,0.4962117672,0.7453959584,0.9,0,0,0
2014-06-29 19:47:22.703,0.4962117672,0.7453959584,0.9,0,0,0
2014-06-29 19:49:01.124,0.4962117672,0.7453959584,0.9,0,0,0
2014-06-29 19:50:39.734,0.4962117672,0.7453959584,0.9,0,0,0
2014-06-29 19:52:18.273,0.4962117672,0.7453959584,0.9,0,0,0
2014-06-29 19:53:56.843,0.4962117672,0.7453959584,0.9,0,0,0
2014-06-29 19:55:35.406,0.4962117672,0.7453959584,0.9,0,0,0
2014-06-29 19:57:13.968,0.4962117672,0.7453959584,0.9,0,0,0
2014-06-29 19:58:58.703,0.4962117672,0.6805500984,0.9,0,0,0
2014-06-29 20:00:31.117,0.4962117672,0.6805500984,0.9,0,0,0
2014-06-29 20:02:12.765,0.4962117672,0.6805500984,0.9,0,0,0
2014-06-29 20:03:48.257,0.4962117672,0.6805500984,0.9,0,0,0
2014-06-29 20:05:26.968,0.4962117672,0.6805500984,0.9,0,0,0
2014-06-29 20:07:05.390,0.4962117672,0.6805500984,0.9,0,0,0
2014-06-29 20:08:43.960,0.4962117672,0.6805500984,0.9,0,0,0
2014-06-29 20:10:22.671,0.4962117672,0.6805500984,0.9,0,0,0
2014-06-29 20:12:01.242,0.4962117672,0.6805500984,0.9,0,0,0
2014-06-29 20:13:36.585,0.4962117672,0.6805500984,0.9,0,0,0
2014-06-29 20:15:18.242,0.4962117672,0.6805500984,0.9,0,0,0
2014-06-29 20:16:56.812,0.4962117672,0.6805500984,0.9,0,0,0
2014-06-29 20:18:32.437,0.4962117672,0.6805500984,0.9,0,0,0
2014-06-29 20:20:14.085,0.4962117672,0.6805500984,0.9,0,0,0
2014-06-29 20:21:52.648,0.4962117672,0.6805500984,0.9,0,0,0
2014-06-29 20:23:31.226,0.4962117672,0.6805500984,0.9,0,0,0
2014-06-29 20:25:09.796,0.4962117672,0.6805500984,0.9,0,0,0
2014-06-29 20:26:49.906,0.4962117672,0.6805500984,0.9,0,0,0
2014-06-29 20:28:25.390,0.4962117672,0.6805500984,0.9,0,0,0
2014-06-29 20:30:03.960,0.4962117672,0.6805500984,0.9,0,0,0
2014-06-29 20:31:43.218,0.4962117672,0.6805500984,0.9,0,0,0
2014-06-29 20:33:24.039,0.4962117672,0.6805500984,0.9,0,0,0
2014-06-29 20:35:05.687,0.4962117672,0.6805500984,0.9,0,0,0
2014-06-29 20:36:45.796,0.4962117672,0.6805500984,0.9,0,0,0
2014-06-29 20:38:20.570,0.4962117672,0.6805500984,0.9,0,0,0
2014-06-29 20:39:57.601,0.4962117672,0.6805500984,0.9,0,0,0
2014-06-29 20:41:41.507,0.4962117672,0.6805500984,0.9,0,0,0
2014-06-29 20:43:14.742,0.4962117672,0.6805500984,0.9,0,0,0
2014-06-29 20:44:50.945,0.4962117672,0.6805500984,0.9,0,0,0
2014-06-29 20:46:32.734,0.4962117672,0.6805500984,0.9,1,0,0
2014-06-29 20:48:11.304,0.5512616634,0.6805500984,0.9,1,0,0
2014-06-29 20:49:49.734,0.5746060014,0.6805500984,0.9,1,0,0
2014-06-29 20:51:25.218,0.6730629802,0.6805500984,0.9,1,0,0
2014-06-29 20:53:08.414,0.6567783356,0.6805500984,0.9,1,0,0
2014-06-29 20:54:46.265,0.7415366173,0.6805500984,0.9,1,0,1
2014-06-29 20:56:22.476,0.7343825102,0.6805500984,0.9,1,0,1
2014-06-29 20:58:01.039,0.7329001427,0.6805500984,0.9,1,0,1
2014-06-29 20:59:39.609,0.7626121044,0.6805500984,0.9,1,0,1
2014-06-29 21:01:20.539,0.7610321045,0.6805500984,0.9,1,0,1
2014-06-29 21:03:01.367,0.7807165384,0.6805500984,0.9,1,0,1
2014-06-29 21:04:39.937,0.792439878,0.6805500984,0.9,1,0,1
2014-06-29 21:06:15.429,0.7879904509,0.6805500984,0.9,1,0,1
2014-06-29 21:07:54.000,0.786488533,0.6805500984,0.9,1,0,1
2014-06-29 21:09:35.648,0.7980217934,0.6805500984,0.9,1,0,1
2014-06-29 21:11:09.554,0.7889621854,0.6805500984,0.9,1,0,1
2014-06-29 21:12:49.664,0.7861326933,0.6805500984,0.9,1,0,1
2014-06-29 21:14:25.156,0.7790102363,0.6805500984,0.9,1,0,1
2014-06-29 21:16:03.726,0.7592962384,0.6805500984,0.9,1,0,1
2014-06-29 21:17:42.468,0.7677211761,0.6805500984,0.9,1,0,1
2014-06-29 21:19:23.984,0.770127058,0.6805500984,0.9,1,0,1
2014-06-29 21:21:05.593,0.7564156055,0.6805500984,0.9,1,0,1
2014-06-29 21:22:41.085,0.7651652098,0.6805500984,0.9,1,0,1
2014-06-29 21:24:19.648,0.7810074091,0.6805500984,0.9,1,0,1
2014-06-29 21:26:01.296,0.7765558958,0.6805500984,0.9,1,0,1
2014-06-29 21:27:38.328,0.7679300904,0.6805500984,0.9,1,0,1
2014-06-29 21:29:13.859,0.7641398907,0.6805500984,0.9,1,0,1
2014-06-29 21:30:57.007,0.757574439,0.6805500984,0.9,1,0,1
2014-06-29 21:32:34.078,0.7427610755,0.6805500984,0.9,1,0,1
2014-06-29 21:34:08.023,0.7539915442,0.6805500984,0.9,1,0,1
2014-06-29 21:35:52.710,0.73996979,0.6805500984,0.9,1,0,1
2014-06-29 21:37:31.320,0.7139436007,0.6805500984,0.9,1,0,1
2014-06-29 21:39:06.773,0.6979790926,0.6805500984,0.9,1,0,1
2014-06-29 21:40:45.343,0.7193282247,0.6805500984,0.9,1,0,1
2014-06-29 21:42:23.953,0.6892590523,0.6805500984,0.9,1,0,1
2014-06-29 21:44:02.523,0.7329647541,0.7403663993,0.9,1,0,0
2014-06-29 21:45:41.054,0.730892539,0.7403663993,0.9,1,0,0
2014-06-29 21:47:22.695,0.772533536,0.7403663993,0.9,1,0,1
2014-06-29 21:48:58.226,0.7658503056,0.7403663993,0.9,1,0,1
2014-06-29 21:50:36.796,0.7101339698,0.7403663993,0.9,1,0,0
2014-06-29 21:52:15.367,0.6932660937,0.7403663993,0.9,1,0,0
2014-06-29 21:53:54.757,0.6939972639,0.7403663993,0.9,1,0,0
2014-06-29 21:55:32.507,0.7244030833,0.7403663993,0.9,1,0,0
2014-06-29 21:57:11.070,0.6730036736,0.7403663993,0.9,1,0,0
2014-06-29 21:58:52.718,0.6631171703,0.7403663993,0.9,1,0,0
2014-06-29 22:00:31.289,0.6465526819,0.7403663993,0.9,1,0,0
2014-06-29 22:02:06.742,0.6106134653,0.7403663993,0.9,1,0,0
2014-06-29 22:03:43.945,0.5766764879,0.7403663993,0.9,1,0,0
2014-06-29 22:05:26.992,0.5337336659,0.7403663993,0.9,1,0,0
2014-06-29 22:07:05.562,0.5239676237,0.7403663993,0.9,1,0,0
2014-06-29 22:08:40.335,0.5552764535,0.7403663993,0.9,1,0,0
2014-06-29 22:10:18.976,0.5570354462,0.7403663993,0.9,1,0,0
2014-06-29 22:11:56.828,0.6176280975,0.7403663993,0.9,1,0,0
2014-06-29 22:13:41.515,0.5912932158,0.7403663993,0.9,1,0,0
2014-06-29 22:15:16.148,0.6399594545,0.7403663993,0.9,1,0,0
2014-06-29 22:16:57.796,0.5961604118,0.7403663993,0.9,1,0,0
2014-06-29 22:18:32.468,0.6396407485,0.7403663993,0.9,1,0,0
2014-06-29 22:20:14.257,0.6484850645,0.7403663993,0.9,1,0,0
2014-06-29 22:21:51.281,0.5864957571,0.7403663993,0.9,1,0,0
2014-06-29 22:23:32.070,0.5112796426,0.7403663993,0.9,1,0,0
2014-06-29 22:25:06.882,0.5228559971,0.7403663993,0.9,1,0,0
2014-06-29 22:26:48.531,0.5478937626,0.7403663993,0.9,1,0,0
2014-06-29 22:28:24.695,0.5444563627,0.7403663993,0.9,1,0,0
2014-06-29 22:30:08.742,0.5687590837,0.7403663993,0.9,1,0,0
2014-06-29 22:31:44.234,0.5656941533,0.7403663993,0.9,1,0,0
2014-06-29 22:33:25.023,0.5725119114,0.7403663993,0.9,1,0,0
2014-06-29 22:34:55.929,0.6147010326,0.7403663993,0.9,1,0,0
2014-06-29 22:36:42.875,0.8044775128,0.7403663993,0.9,1,0,1
2014-06-29 22:38:11.492,0.8764041662,0.7403663993,0.9,1,0,1
2014-06-29 22:39:53.859,0.916675806,0.7403663993,0.9,1,1,1
2014-06-29 22:41:32.429,0.9146701097,0.7403663993,0.9,1,1,1
2014-06-29 22:43:10.992,0.8930866718,0.7403663993,0.9,1,0,1
2014-06-29 22:44:48.015,0.9128931165,0.7403663993,0.9,1,1,1
2014-06-29 22:46:29.671,0.9316638708,0.7403663993,0.9,1,1,1
2014-06-29 22:48:05.195,0.9249623418,0.7403663993,0.9,1,1,1
2014-06-29 22:49:44.546,0.9221854806,0.7403663993,0.9,1,1,1
2014-06-29 22:51:25.515,0.9254380465,0.7403663993,0.9,1,1,1
2014-06-29 22:53:04.085,0.9179801345,0.7403663993,0.9,1,1,1
2014-06-29 22:54:44.875,0.9138202667,0.7403663993,0.9,1,1,1
2014-06-29 22:56:21.078,0.8985754251,0.7403663993,0.9,1,0,1
2014-06-29 22:57:56.703,0.8880708218,0.7403663993,0.9,1,0,1
2014-06-29 22:59:37.499,0.8998277187,0.7403663993,0.9,1,0,1
2014-06-29 23:01:13.843,0.8940458894,0.7403663993,0.9,1,0,1
2014-06-29 23:02:58.570,0.8701722622,0.7403663993,0.9,1,0,1
2014-06-29 23:04:33.203,0.8954467773,0.7403663993,0.9,1,0,1
2014-06-29 23:06:11.773,0.8861061335,0.7403663993,0.9,1,0,1
2014-06-29 23:07:51.062,0.8922658563,0.7403663993,0.9,1,0,1
2014-06-29 23:09:28.906,0.8905321956,0.7403663993,0.9,1,0,1
2014-06-29 23:11:07.476,0.8927903771,0.7403663993,0.9,1,0,1
2014-06-29 23:12:44.507,0.89760077,0.7403663993,0.9,1,0,1
2014-06-29 23:14:23.070,0.9034478664,0.7403663993,0.9,1,1,1
2014-06-29 23:16:03.179,0.8902750015,0.7403663993,0.9,1,0,1
2014-06-29 23:17:39.523,0.8657642603,0.7403663993,0.9,1,0,1
2014-06-29 23:19:18.773,0.8730093837,0.7403663993,0.9,1,0,1
2014-06-29 23:20:55.804,0.8867515326,0.7403663993,0.9,1,0,1
2014-06-29 23:22:34.375,0.8515045643,0.7403663993,0.9,1,0,1
2014-06-29 23:24:12.945,0.7752864361,0.7403663993,0.9,1,0,1
2014-06-29 23:25:49.968,0.7271113396,0.7403663993,0.9,1,0,0
2014-06-29 23:27:28.539,0.6821326017,0.7403663993,0.9,1,0,0
2014-06-29 23:29:06.281,0.7677747011,0.6163867116,0.9,1,0,1
2014-06-29 23:30:45.742,0.8025850654,0.6163867116,0.9,1,0,1
2014-06-29 23:32:30.468,0.8151856661,0.6163867116,0.9,1,0,1
2014-06-29 23:34:01.343,0.8456501961,0.6163867116,0.9,1,0,1
2014-06-29 23:35:44.523,0.8699854016,0.6163867116,0.9,1,0,1
2014-06-29 23:37:26.101,0.8812865019,0.6163867116,0.9,1,0,1
2014-06-29 23:39:06.210,0.9019702673,0.6163867116,0.9,1,1,1
2014-06-29 23:40:38.625,0.9173695445,0.6163867116,0.9,1,1,1
2014-06-29 23:42:17.187,0.9112371206,0.6163867116,0.9,1,1,1
2014-06-29 23:43:54.218,0.9209228754,0.6163867116,0.9,1,1,1
2014-06-29 23:45:32.789,0.936882019,0.6163867116,0.9,1,1,1
2014-06-29 23:47:19.093,0.9310154915,0.6163867116,0.9,1,1,1
2014-06-29 23:48:51.460,0.9064074755,0.6163867116,0.9,1,1,1
2014-06-29 23:50:27.804,0.933737278,0.6163867116,0.9,1,1,1
2014-06-29 23:52:12.539,0.9413784146,0.6163867116,0.9,1,1,1
2014-06-29 23:53:47.164,0.946841836,0.6163867116,0.9,1,1,1
2014-06-29 23:55:24.195,0.9553574324,0.6163867116,0.9,1,1,1
2014-06-29 23:57:01.937,0.9630184174,0.6163867116,0.9,1,1,1
2014-06-29 23:58:44.406,0.9608482122,0.6163867116,0.9,1,1,1
2014-06-30 00:03:38.574,0.9529707432,0.6163867116,0.9,1,1,1
2014-06-30 00:05:14.062,0.9562568069,0.6163867116,0.9,1,1,1
2014-06-30 00:06:51.090,0.954054296,0.6163867116,0.9,1,1,1
2014-06-30 00:08:31.198,0.9413135052,0.6163867116,0.9,1,1,1
2014-06-30 00:10:08.226,0.9351644516,0.6163867116,0.9,1,1,1
2014-06-30 00:11:46.794,0.9293881655,0.6163867116,0.9,1,1,1
2014-06-30 00:13:24.539,0.9283537865,0.6163867116,0.9,1,1,1
2014-06-30 00:15:05.505,0.9380202293,0.6163867116,0.9,1,1,1
2014-06-30 00:16:52.491,0.9428806901,0.6163867116,0.9,1,1,1
2014-06-30 00:18:21.819,0.9434106946,0.6163867116,0.9,1,1,1
2014-06-30 00:20:05.113,0.9292756915,0.6163867116,0.9,1,1,1
2014-06-30 00:21:39.743,0.9286036491,0.6163867116,0.9,1,1,1
2014-06-30 00:23:18.311,0.8598929644,0.6163867116,0.9,1,0,1
2014-06-30 00:24:56.879,0.8972616196,0.6163867116,0.9,1,0,1
2014-06-30 00:26:33.908,0.9307409525,0.6163867116,0.9,1,1,1
2014-06-30 00:28:20.177,0.9461891651,0.6163867116,0.9,1,1,1
2014-06-30 00:29:52.044,0.9591364861,0.6163867116,0.9,1,1,1
2014-06-30 00:31:31.153,0.953433156,0.6163867116,0.9,1,1,1
2014-06-30 00:33:07.358,0.9531495571,0.6163867116,0.9,1,1,1
2014-06-30 00:34:46.067,0.9520556927,0.6163867116,0.9,1,1,1
2014-06-30 00:36:28.398,0.950130105,0.6163867116,0.9,1,1,1
2014-06-30 00:38:05.426,0.9568197727,0.6163867116,0.9,1,1,1
2014-06-30 00:39:42.455,0.9631437063,0.6163867116,0.9,1,1,1
2014-06-30 00:41:21.023,0.9610764384,0.6163867116,0.9,1,1,1
2014-06-30 00:42:59.591,0.96785748,0.6163867116,0.9,1,1,1
2014-06-30 00:44:44.321,0.9676056504,0.6163867116,0.9,1,1,1
2014-06-30 00:46:22.066,0.9684537053,0.6163867116,0.9,1,1,1
2014-06-30 00:47:59.917,0.9696514606,0.6163867116,0.9,1,1,1
2014-06-30 00:49:41.566,0.9731795788,0.6163867116,0.9,1,1,1
2014-06-30 00:51:11.751,0.9679543972,0.6163867116,0.9,1,1,1
2014-06-30 00:52:55.624,0.9748553038,0.6163867116,0.9,1,1,1
2014-06-30 00:54:31.111,0.970058322,0.6163867116,0.9,1,1,1
2014-06-30 00:56:09.680,0.9645856619,0.6163867116,0.9,1,1,1
2014-06-30 00:57:48.248,0.9711847305,0.6163867116,0.9,1,1,1
2014-06-30 00:59:27.534,0.964012742,0.6163867116,0.9,1,1,1
2014-06-30 01:01:05.385,0.9619795084,0.6163867116,0.9,1,1,1
2014-06-30 01:02:43.954,0.9635028839,0.6163867116,0.9,1,1,1
2014-06-30 01:04:23.381,0.9574357867,0.6163867116,0.9,1,1,1
2014-06-30 01:06:02.632,0.9557754993,0.6163867116,0.9,1,1,1
2014-06-30 01:07:38.872,0.954852581,0.6163867116,0.9,1,1,1
2014-06-30 01:09:19.770,0.9557279348,0.6163867116,0.9,1,1,1
2014-06-30 01:10:56.797,0.9550129175,0.6163867116,0.9,1,1,1
2014-06-30 01:12:39.987,0.9340242147,0.6163867116,0.9,1,1,1
2014-06-30 01:14:12.395,0.9264346361,0.6163867116,0.9,1,1,1
2014-06-30 01:15:58.665,0.8541665077,0.6163867116,0.9,1,0,1
2014-06-30 01:17:38.773,0.7795236111,0.5721424222,0.9,1,0,1
2014-06-30 01:19:14.262,0.8090314269,0.5721424222,0.9,1,0,1
2014-06-30 01:20:52.831,0.8172046542,0.5721424222,0.9,1,0,1
2014-06-30 01:22:31.399,0.8410664797,0.5721424222,0.9,1,0,1
2014-06-30 01:24:03.125,0.8567578793,0.5721424222,0.9,1,0,1
2014-06-30 01:25:45.457,0.8442550898,0.5721424222,0.9,1,0,1
2014-06-30 01:27:27.105,0.8456143737,0.5721424222,0.9,1,0,1
2014-06-30 01:28:59.584,0.8421314955,0.5721424222,0.9,1,0,1
2014-06-30 01:30:44.313,0.8336148262,0.5721424222,0.9,1,0,1
2014-06-30 01:32:22.812,0.8534485698,0.5721424222,0.9,1,0,1
2014-06-30 01:33:56.795,0.8580777645,0.5721424222,0.9,1,0,1
2014-06-30 01:35:36.187,0.8450071812,0.5721424222,0.9,1,0,1
2014-06-30 01:37:22.352,0.7673627138,0.5721424222,0.9,1,0,1
2014-06-30 01:38:52.467,0.7958831191,0.5721424222,0.9,1,0,1
2014-06-30 01:40:28.813,0.7732355595,0.5721424222,0.9,1,0,1
2014-06-30 01:42:11.145,0.7907512188,0.5721424222,0.9,1,0,1
2014-06-30 01:43:45.810,0.7666300535,0.5721424222,0.9,1,0,1
2014-06-30 01:45:25.202,0.7331323624,0.5721424222,0.9,1,0,1
2014-06-30 01:47:05.382,0.7260564566,0.5721424222,0.9,1,0,1
2014-06-30 01:48:46.960,0.7558714151,0.5721424222,0.9,1,0,1
2014-06-30 01:50:17.829,0.7057907581,0.5721424222,0.9,1,0,1
2014-06-30 01:51:59.477,0.7234913111,0.5721424222,0.9,1,0,1
2014-06-30 01:53:38.046,0.7545017004,0.5721424222,0.9,1,0,1
2014-06-30 01:55:22.775,0.7487783432,0.5721424222,0.9,1,0,1
2014-06-30 01:56:53.644,0.7708801031,0.5721424222,0.9,1,0,1
2014-06-30 01:58:36.833,0.7714855671,0.5721424222,0.9,1,0,1
2014-06-30 02:00:19.375,0.776450336,0.5721424222,0.9,1,0,1
2014-06-30 02:01:51.608,0.7478475571,0.5721424222,0.9,1,0,1
2014-06-30 02:03:30.177,0.7890290022,0.5721424222,0.9,1,0,1
2014-06-30 02:05:10.286,0.7823193669,0.5721424222,0.9,1,0,1
2014-06-30 02:06:43.518,0.7671432495,0.5721424222,0.9,1,0,1
2014-06-30 02:08:24.345,0.7335888147,0.5721424222,0.9,1,0,1
2014-06-30 02:10:09.896,0.7740917802,0.5721424222,0.9,1,0,1
2014-06-30 02:11:48.465,0.8165842295,0.5721424222,0.9,1,0,1
2014-06-30 02:13:20.191,0.8487775326,0.5721424222,0.9,1,0,1
2014-06-30 02:15:02.522,0.8461031914,0.5721424222,0.9,1,0,1
2014-06-30 02:16:44.171,0.8507344723,0.5721424222,0.9,1,0,1
2014-06-30 02:18:22.741,0.8637607098,0.5721424222,0.9,1,0,1
2014-06-30 02:19:55.149,0.8608982563,0.5721424222,0.9,1,0,1
2014-06-30 02:21:39.878,0.8496667743,0.5721424222,0.9,1,0,1
2014-06-30 02:23:11.464,0.8017382622,0.5721424222,0.9,1,0,1
2014-06-30 02:24:57.016,0.8178036213,0.5721424222,0.9,1,0,1
2014-06-30 02:26:35.586,0.8701527119,0.5721424222,0.9,1,0,1
2014-06-30 02:28:10.392,0.8669296503,0.5721424222,0.9,1,0,1
2014-06-30 02:29:45.023,0.8433689475,0.5721424222,0.9,1,0,1
2014-06-30 02:31:28.212,0.878847599,0.5721424222,0.9,1,0,1
2014-06-30 02:33:09.862,0.8683149219,0.5721424222,0.9,1,0,1
2014-06-30 02:34:42.270,0.8599174619,0.5721424222,0.9,1,0,1
2014-06-30 02:36:26.999,0.8702291846,0.5721424222,0.9,1,0,1
2014-06-30 02:37:59.409,0.8738510609,0.5721424222,0.9,1,0,1
2014-06-30 02:39:37.977,0.8720344305,0.5721424222,0.9,1,0,1
2014-06-30 02:41:22.707,0.8639066219,0.5721424222,0.9,1,0,1
2014-06-30 02:43:00.454,0.8453505635,0.5721424222,0.9,1,0,1
2014-06-30 02:44:39.021,0.8364918828,0.5721424222,0.9,1,0,1
2014-06-30 02:46:10.713,0.8496761918,0.5721424222,0.9,1,0,1
2014-06-30 02:47:53.080,0.8420060277,0.5721424222,0.9,1,0,1
2014-06-30 02:49:34.728,0.8356193304,0.5721424222,0.9,1,0,1
2014-06-30 02:51:13.297,0.8402966261,0.5721424222,0.9,1,0,1
2014-06-30 02:52:51.868,0.8304361105,0.5721424222,0.9,1,0,1
2014-06-30 02:54:30.435,0.8534234762,0.5721424222,0.9,1,0,1
2014-06-30 02:56:09.005,0.8625335693,0.5721424222,0.9,1,0,1
2014-06-30 02:57:47.574,0.837783277,0.5721424222,0.9,1,0,1
2014-06-30 02:59:26.143,0.8151204586,0.5721424222,0.9,1,0,1
2014-06-30 03:01:04.711,0.7662225962,0.5721424222,0.9,1,0,1
2014-06-30 03:02:35.581,0.7787930369,0.5091303587,0.9,1,0,1
2014-06-30 03:04:18.770,0.8173309565,0.5091303587,0.9,1,0,1
2014-06-30 03:06:00.418,0.8454822302,0.5091303587,0.9,1,0,1
2014-06-30 03:07:38.989,0.8540351391,0.5091303587,0.9,1,0,1
2014-06-30 03:09:16.016,0.8514481783,0.5091303587,0.9,1,0,1
2014-06-30 03:10:56.126,0.8544975519,0.5091303587,0.9,1,0,1
2014-06-30 03:12:34.694,0.8566945791,0.5091303587,0.9,1,0,1
2014-06-30 03:14:13.264,0.8660151958,0.5091303587,0.9,1,0,1
2014-06-30 03:15:51.832,0.8839111924,0.5091303587,0.9,1,0,1
2014-06-30 03:17:30.402,0.8790184259,0.5091303587,0.9,1,0,1
2014-06-30 03:19:01.270,0.899050355,0.5091303587,0.9,1,0,1
2014-06-30 03:20:44.460,0.8926689029,0.5091303587,0.9,1,0,1
2014-06-30 03:22:26.108,0.8915198445,0.5091303587,0.9,1,0,1
2014-06-30 03:24:04.678,0.8838529587,0.5091303587,0.9,1,0,1
2014-06-30 03:25:43.249,0.8774122596,0.5091303587,0.9,1,0,1
2014-06-30 03:27:21.816,0.8841292262,0.5091303587,0.9,1,0,1
2014-06-30 03:29:00.386,0.8783149719,0.5091303587,0.9,1,0,1
2014-06-30 03:30:37.415,0.8863431811,0.5091303587,0.9,1,0,1
2014-06-30 03:32:17.524,0.8893007636,0.5091303587,0.9,1,0,1
2014-06-30 03:33:53.012,0.8775060177,0.5091303587,0.9,1,0,1
2014-06-30 03:35:23.881,0.8770365715,0.5091303587,0.9,1,0,1
2014-06-30 03:37:07.070,0.8796188831,0.5091303587,0.9,1,0,1
2014-06-30 03:38:45.674,0.8572330475,0.5091303587,0.9,1,0,1
2014-06-30 03:40:25.785,0.8664593697,0.5091303587,0.9,1,0,1
2014-06-30 03:42:05.857,0.8676531315,0.5091303587,0.9,1,0,1
2014-06-30 03:43:38.266,0.8494817019,0.5091303587,0.9,1,0,1
2014-06-30 03:45:19.951,0.8371639252,0.5091303587,0.9,1,0,1
2014-06-30 03:47:01.564,0.8302742243,0.5091303587,0.9,1,0,1
2014-06-30 03:48:40.134,0.8553764224,0.5091303587,0.9,1,0,1
2014-06-30 03:50:18.703,0.8489932418,0.5091303587,0.9,1,0,1
2014-06-30 03:51:49.711,0.832965076,0.5091303587,0.9,1,0,1
2014-06-30 03:53:32.760,0.7897565961,0.5091303587,0.9,1,0,1
2014-06-30 03:55:14.412,0.8065256476,0.5091303587,0.9,1,0,1
2014-06-30 03:56:52.979,0.8406528234,0.5091303587,0.9,1,0,1
2014-06-30 03:58:31.549,0.8513430357,0.5091303587,0.9,1,0,1
2014-06-30 04:00:12.516,0.8416064978,0.5091303587,0.9,1,0,1
2014-06-30 04:01:49.509,0.8545970917,0.5091303587,0.9,1,0,1
2014-06-30 04:03:21.095,0.8703327179,0.5091303587,0.9,1,0,1
2014-06-30 04:08:15.403,0.8873554468,0.5091303587,0.9,1,0,1
2014-06-30 04:09:58.452,0.8810088634,0.5091303587,0.9,1,0,1
2014-06-30 04:11:34.763,0.8758243322,0.5091303587,0.9,1,0,1
2014-06-30 04:13:10.252,0.8884298801,0.5091303587,0.9,1,0,1
2014-06-30 04:14:47.999,0.8771032691,0.5091303587,0.9,1,0,1
2014-06-30 04:16:33.550,0.8709418774,0.5091303587,0.9,1,0,1
2014-06-30 04:18:05.137,0.8827320337,0.5091303587,0.9,1,0,1
2014-06-30 04:19:46.927,0.9038923383,0.5091303587,0.9,1,1,1
2014-06-30 04:21:25.355,0.9095708132,0.5091303587,0.9,1,1,1
2014-06-30 04:23:07.005,0.903960228,0.5091303587,0.9,1,1,1
2014-06-30 04:24:37.874,0.8988121748,0.5091303587,0.9,1,0,1
2014-06-30 04:26:25.682,0.9107875824,0.5091303587,0.9,1,1,1
2014-06-30 04:28:01.172,0.9054369926,0.5091303587,0.9,1,1,1
2014-06-30 04:29:39.741,0.9220669866,0.5091303587,0.9,1,1,1
2014-06-30 04:31:18.310,0.9142187834,0.5091303587,0.9,1,1,1
2014-06-30 04:32:55.338,0.9126882553,0.5091303587,0.9,1,1,1
2014-06-30 04:34:36.988,0.9115508199,0.5091303587,0.9,1,1,1
2014-06-30 04:36:12.513,0.9061027169,0.5091303587,0.9,1,1,1
2014-06-30 04:37:54.126,0.8987851143,0.5091303587,0.9,1,0,1
2014-06-30 04:39:32.695,0.9125331044,0.5091303587,0.9,1,1,1
2014-06-30 04:41:03.566,0.8990396261,0.5091303587,0.9,1,0,1
2014-06-30 04:42:43.673,0.9041323066,0.5091303587,0.9,1,1,1
2014-06-30 04:44:25.322,0.9266942739,0.5091303587,0.9,1,1,1
2014-06-30 04:46:03.892,0.9169175029,0.5091303587,0.9,1,1,1
2014-06-30 04:47:42.460,0.8817657232,0.5091303587,0.9,1,0,1
2014-06-30 04:49:24.111,0.8471525311,0.5091303587,0.9,1,0,1
2014-06-30 04:50:56.519,0.8249806166,0.5569627285,0.9,1,0,1
2014-06-30 04:52:38.167,0.8454098701,0.5569627285,0.9,1,0,1
2014-06-30 04:54:16.056,0.8608931303,0.5569627285,0.9,1,0,1
2014-06-30 04:55:55.447,0.8702876568,0.5569627285,0.9,1,0,1
2014-06-30 04:57:29.253,0.8487502337,0.5569627285,0.9,1,0,1
2014-06-30 04:59:09.365,0.8816845417,0.5569627285,0.9,1,0,1
2014-06-30 05:00:49.650,0.866430223,0.5569627285,0.9,1,0,1
2014-06-30 05:02:29.583,0.8537124395,0.5569627285,0.9,1,0,1
2014-06-30 05:04:08.152,0.8553276062,0.5569627285,0.9,1,0,1
2014-06-30 05:05:49.802,0.8460419774,0.5569627285,0.9,1,0,1
2014-06-30 05:07:25.431,0.8793927431,0.5569627285,0.9,1,0,1
2014-06-30 05:09:05.400,0.8764556646,0.5569627285,0.9,1,0,1
2014-06-30 05:10:42.429,0.8555696011,0.5569627285,0.9,1,0,1
2014-06-30 05:12:21.138,0.8699721098,0.5569627285,0.9,1,0,1
2014-06-30 05:13:53.408,0.8632999659,0.5569627285,0.9,1,0,1
2014-06-30 05:15:41.216,0.8677737117,0.5569627285,0.9,1,0,1
2014-06-30 05:17:16.705,0.8794761896,0.5569627285,0.9,1,0,1
2014-06-30 05:18:54.146,0.8666992188,0.5569627285,0.9,1,0,1
2014-06-30 05:20:33.843,0.8609492779,0.5569627285,0.9,1,0,1
2014-06-30 05:22:12.412,0.8702622652,0.5569627285,0.9,1,0,1
2014-06-30 05:23:50.982,0.8767682314,0.5569627285,0.9,1,0,1
2014-06-30 05:25:29.550,0.8779659867,0.5569627285,0.9,1,0,1
2014-06-30 05:27:08.121,0.8759403229,0.5569627285,0.9,1,0,1
2014-06-30 05:28:46.689,0.8753410578,0.5569627285,0.9,1,0,1
2014-06-30 05:30:20.638,0.8680425882,0.5569627285,0.9,1,0,1
2014-06-30 05:32:00.748,0.8798282146,0.5569627285,0.9,1,0,1
2014-06-30 05:33:45.478,0.8722190857,0.5569627285,0.9,1,0,1
2014-06-30 05:35:21.001,0.8782228231,0.5569627285,0.9,1,0,1
2014-06-30 05:36:59.535,0.8953096867,0.5569627285,0.9,1,0,1
2014-06-30 05:38:41.220,0.8702186346,0.5569627285,0.9,1,0,1
2014-06-30 05:40:16.708,0.8524203897,0.5569627285,0.9,1,0,1
2014-06-30 05:41:55.242,0.8130246997,0.5569627285,0.9,1,0,1
2014-06-30 05:43:33.812,0.8133134842,0.5569627285,0.9,1,0,1
2014-06-30 05:45:12.380,0.844558239,0.5569627285,0.9,1,0,1
2014-06-30 05:46:46.330,0.8472530246,0.5569627285,0.9,1,0,1
2014-06-30 05:48:26.439,0.8608399034,0.5569627285,0.9,1,0,1
2014-06-30 05:50:08.087,0.877390027,0.5569627285,0.9,1,0,1
2014-06-30 05:51:49.773,0.8645377159,0.5569627285,0.9,1,0,1
2014-06-30 05:53:25.226,0.8783090115,0.5569627285,0.9,1,0,1
2014-06-30 05:55:03.796,0.8820703626,0.5569627285,0.9,1,0,1
2014-06-30 05:56:45.445,0.8267395496,0.5569627285,0.9,1,0,1
2014-06-30 05:58:20.970,0.8602118492,0.5569627285,0.9,1,0,1
2014-06-30 06:00:02.583,0.8735405803,0.5569627285,0.9,1,0,1
2014-06-30 06:01:41.187,0.8488324285,0.5569627285,0.9,1,0,1
2014-06-30 06:03:12.058,0.8654043674,0.5569627285,0.9,1,0,1
2014-06-30 06:04:52.166,0.8648598194,0.5569627285,0.9,1,0,1
2014-06-30 06:06:33.781,0.8420408964,0.5569627285,0.9,1,0,1
2014-06-30 06:08:12.349,0.8772352934,0.5569627285,0.9,1,0,1
2014-06-30 06:09:50.917,0.8722198009,0.5569627285,0.9,1,0,1
2014-06-30 06:11:29.488,0.8588705659,0.5569627285,0.9,1,0,1
2014-06-30 06:13:08.056,0.8577094674,0.5569627285,0.9,1,0,1
2014-06-30 06:14:46.625,0.8552184105,0.5569627285,0.9,1,0,1
2014-06-30 06:16:25.230,0.8512488604,0.5569627285,0.9,1,0,1
2014-06-30 06:18:03.800,0.8550606966,0.5569627285,0.9,1,0,1
2014-06-30 06:19:36.208,0.8579642773,0.5569627285,0.9,1,0,1
2014-06-30 06:21:17.857,0.8422242403,0.5569627285,0.9,1,0,1
2014-06-30 06:22:59.507,0.8739565611,0.5569627285,0.9,1,0,1
2014-06-30 06:24:38.076,0.8707251549,0.5569627285,0.9,1,0,1
2014-06-30 06:26:16.646,0.8603618145,0.5569627285,0.9,1,0,1
2014-06-30 06:27:55.179,0.8736073375,0.5569627285,0.9,1,0,1
2014-06-30 06:29:33.748,0.8786013722,0.5569627285,0.9,1,0,1
2014-06-30 06:31:12.353,0.8746650219,0.5569627285,0.9,1,0,1
2014-06-30 06:32:50.886,0.8425251245,0.5569627285,0.9,1,0,1
2014-06-30 06:34:29.492,0.7974100113,0.5569627285,0.9,1,0,1
2014-06-30 06:36:01.900,0.8121294975,0.6275673509,0.9,1,0,1
2014-06-30 06:37:43.550,0.8178936243,0.6275673509,0.9,1,0,1
2014-06-30 06:39:25.199,0.8547514677,0.6275673509,0.9,1,0,1
2014-06-30 06:41:03.767,0.8516072035,0.6275673509,0.9,1,0,1
2014-06-30 06:42:43.335,0.8455944061,0.6275673509,0.9,1,0,1
2014-06-30 06:44:20.906,0.853703022,0.6275673509,0.9,1,0,1
2014-06-30 06:45:59.476,0.8581877947,0.6275673509,0.9,1,0,1
2014-06-30 06:47:38.044,0.8626153469,0.6275673509,0.9,1,0,1
2014-06-30 06:49:13.498,0.8608021736,0.6275673509,0.9,1,0,1
2014-06-30 06:50:52.068,0.8421609402,0.6275673509,0.9,1,0,1
2014-06-30 06:52:26.015,0.8283053637,0.6275673509,0.9,1,0,1
2014-06-30 06:54:12.287,0.8385568857,0.6275673509,0.9,1,0,1
2014-06-30 06:55:47.916,0.8294559717,0.6275673509,0.9,1,0,1
2014-06-30 06:57:26.343,0.8276209831,0.6275673509,0.9,1,0,1
2014-06-30 06:59:05.054,0.8081800938,0.6275673509,0.9,1,0,1
2014-06-30 07:00:43.517,0.7966080904,0.6275673509,0.9,1,0,1
2014-06-30 07:02:22.050,0.8065398932,0.6275673509,0.9,1,0,1
2014-06-30 07:04:03.701,0.7935854793,0.6275673509,0.9,1,0,1
2014-06-30 07:05:36.146,0.8024535179,0.6275673509,0.9,1,0,1
2014-06-30 07:07:23.919,0.8183482885,0.6275673509,0.9,1,0,1
2014-06-30 07:08:51.847,0.8214511871,0.6275673509,0.9,1,0,1
2014-06-30 07:10:37.978,0.8167821169,0.6275673509,0.9,1,0,1
2014-06-30 07:12:13.466,0.799336493,0.6275673509,0.9,1,0,1
2014-06-30 07:13:52.072,0.8017429709,0.6275673509,0.9,1,0,1
2014-06-30 07:15:30.605,0.8053843975,0.6275673509,0.9,1,0,1
2014-06-30 07:17:09.173,0.7800941467,0.6275673509,0.9,1,0,1
2014-06-30 07:18:47.744,0.7565393448,0.6275673509,0.9,1,0,1
2014-06-30 07:20:26.455,0.7802945375,0.6275673509,0.9,1,0,1
2014-06-30 07:22:04.917,0.7608737946,0.6275673509,0.9,1,0,1
2014-06-30 07:23:43.451,0.7765912414,0.6275673509,0.9,1,0,1
2014-06-30 07:25:17.435,0.7357047796,0.6275673509,0.9,1,0,1
2014-06-30 07:27:03.669,0.7196305394,0.6275673509,0.9,1,0,1
2014-06-30 07:28:39.195,0.7207725644,0.6275673509,0.9,1,0,1
2014-06-30 07:30:17.763,0.7398474216,0.6275673509,0.9,1,0,1
2014-06-30 07:31:56.296,0.7599767447,0.6275673509,0.9,1,0,1
2014-06-30 07:33:34.902,0.7677839994,0.6275673509,0.9,1,0,1
2014-06-30 07:35:13.470,0.7504288554,0.6275673509,0.9,1,0,1
2014-06-30 07:36:52.039,0.7614454627,0.6275673509,0.9,1,0,1
2014-06-30 07:38:30.609,0.7587279081,0.6275673509,0.9,1,0,1
2014-06-30 07:40:09.144,0.7588918209,0.6275673509,0.9,1,0,1
2014-06-30 07:41:43.126,0.7380421162,0.6275673509,0.9,1,0,1
2014-06-30 07:43:29.396,0.733891964,0.6275673509,0.9,1,0,1
2014-06-30 07:45:04.886,0.7484989166,0.6275673509,0.9,1,0,1
2014-06-30 07:46:43.455,0.7441823483,0.6275673509,0.9,1,0,1
2014-06-30 07:48:22.025,0.7395956516,0.6275673509,0.9,1,0,1
2014-06-30 07:50:00.593,0.7414696813,0.6275673509,0.9,1,0,1
2014-06-30 07:51:39.162,0.725286603,0.6275673509,0.9,1,0,1
2014-06-30 07:53:17.732,0.7379868627,0.6275673509,0.9,1,0,1
2014-06-30 07:54:56.302,0.7239184976,0.6275673509,0.9,1,0,1
2014-06-30 07:56:34.871,0.6940737963,0.6275673509,0.9,1,0,1
2014-06-30 07:58:08.818,0.7009931207,0.6275673509,0.9,1,0,1
2014-06-30 07:59:55.089,0.6799979806,0.6275673509,0.9,1,0,1
2014-06-30 08:01:30.578,0.6701499224,0.6275673509,0.9,1,0,1
2014-06-30 08:03:09.148,0.6753240824,0.6275673509,0.9,1,0,1
2014-06-30 08:04:47.716,0.6735196114,0.6275673509,0.9,1,0,1
2014-06-30 08:06:26.285,0.6991219521,0.6275673509,0.9,1,0,1
2014-06-30 08:08:04.855,0.6431444883,0.6275673509,0.9,1,0,1
2014-06-30 08:09:43.423,0.6543334723,0.6275673509,0.9,1,0,1
2014-06-30 08:11:21.994,0.5789219141,0.6275673509,0.9,1,0,0
2014-06-30 08:12:57.482,0.5791754723,0.6275673509,0.9,1,0,0
2014-06-30 08:13:00.562,0.5707858205,0.6275673509,0.9,1,0,0
2014-06-30 08:16:20.957,0.5561900139,0.6275673509,0.9,1,0,0
2014-06-30 08:17:56.339,0.5074805021,0.6275673509,0.9,1,0,0
2014-06-30 08:19:35.050,0.517729938,0.6275673509,0.9,1,0,0
2014-06-30 08:21:14.265,0.5040570498,0.7020671964,0.9,1,0,0
2014-06-30 08:22:51.978,0.4996923804,0.7020671964,0.9,1,0,0
2014-06-30 08:24:30.546,0.5737726092,0.7020671964,0.9,1,0,0
2014-06-30 08:26:09.115,0.5664787889,0.7020671964,0.9,1,0,0
2014-06-30 08:27:47.685,0.583275795,0.7020671964,0.9,1,0,0
2014-06-30 08:29:26.218,0.6110506058,0.7020671964,0.9,1,0,0
2014-06-30 08:31:00.203,0.6332135201,0.7020671964,0.9,1,0,0
2014-06-30 08:32:46.472,0.6172162294,0.7020671964,0.9,1,0,0
2014-06-30 08:34:18.880,0.6452274323,0.7020671964,0.9,1,0,0
2014-06-30 08:35:57.451,0.6732470989,0.7020671964,0.9,1,0,0
2014-06-30 08:37:36.021,0.7198660374,0.7020671964,0.9,1,0,1
2014-06-30 08:39:14.589,0.7521854043,0.7020671964,0.9,1,0,1
2014-06-30 08:40:53.158,0.7554204464,0.7020671964,0.9,1,0,1
2014-06-30 08:42:31.728,0.7227136493,0.7020671964,0.9,1,0,1
2014-06-30 08:44:10.296,0.7503625154,0.7020671964,0.9,1,0,1
2014-06-30 08:45:48.867,0.7566940784,0.7020671964,0.9,1,0,1
2014-06-30 08:47:22.814,0.7374660969,0.7020671964,0.9,1,0,1
2014-06-30 08:49:09.083,0.745439887,0.7020671964,0.9,1,0,1
2014-06-30 08:50:44.574,0.7095733881,0.7020671964,0.9,1,0,1
2014-06-30 08:52:23.142,0.7168607712,0.7020671964,0.9,1,0,1
2014-06-30 08:57:18.851,0.6591649055,0.7020671964,0.9,1,0,0
2014-06-30 08:58:57.419,0.6689654589,0.7020671964,0.9,1,0,0
2014-06-30 09:00:35.990,0.6064420938,0.7020671964,0.9,1,0,0
2014-06-30 09:02:14.558,0.5425695777,0.7020671964,0.9,1,0,0
2014-06-30 09:03:48.505,0.4979989529,0.7020671964,0.9,1,0,0
2014-06-30 09:05:31.732,0.5170551538,0.7020671964,0.9,1,0,0
2014-06-30 09:07:10.265,0.4962117672,0.7020671964,0.9,1,0,0
2014-06-30 09:08:48.835,0.4962117672,0.7020671964,0.9,1,0,0
2014-06-30 09:10:27.406,0.4962117672,0.7020671964,0.9,1,0,0
2014-06-30 09:12:05.972,0.5137279034,0.7020671964,0.9,1,0,0
2014-06-30 09:13:41.460,0.4962117672,0.7020671964,0.9,1,0,0
2014-06-30 09:15:20.031,0.512167275,0.7020671964,0.9,1,0,0
2014-06-30 09:16:58.601,0.4962117672,0.7020671964,0.9,1,0,0
2014-06-30 09:18:37.171,0.4962117672,0.7020671964,0.9,1,0,0
2014-06-30 09:20:11.117,0.4962117672,0.7020671964,0.9,1,0,0
2014-06-30 09:21:57.390,0.4962117672,0.7020671964,0.9,1,0,0
2014-06-30 09:23:32.878,0.4962117672,0.7020671964,0.9,1,0,0
2014-06-30 09:25:11.445,0.4962117672,0.7020671964,0.9,1,0,0
2014-06-30 09:26:49.980,0.4962117672,0.7020671964,0.9,1,0,0
2014-06-30 09:28:28.515,0.4962117672,0.7020671964,0.9,1,0,0
2014-06-30 09:30:07.121,0.4962117672,0.7020671964,0.9,1,0,0
2014-06-30 09:31:45.722,0.4962117672,0.7020671964,0.9,1,0,0
2014-06-30 09:33:24.292,0.4962117672,0.7020671964,0.9,1,0,0
2014-06-30 09:35:02.968,0.4962117672,0.7020671964,0.9,1,0,0
2014-06-30 09:36:38.351,0.4962117672,0.7020671964,0.9,1,0,0
2014-06-30 09:38:26.125,0.4962117672,0.7020671964,0.9,1,0,0
2014-06-30 09:40:01.617,0.4962117672,0.7020671964,0.9,1,0,0
2014-06-30 09:41:37.246,0.4962117672,0.7020671964,0.9,1,0,0
2014-06-30 09:43:15.707,0.4962117672,0.7020671964,0.9,1,0,0
2014-06-30 09:44:54.277,0.4962117672,0.7020671964,0.9,1,0,0
2014-06-30 09:46:32.812,0.4962117672,0.7020671964,0.9,1,0,0
2014-06-30 09:48:11.417,0.4962117672,0.7020671964,0.9,1,0,0
2014-06-30 09:49:49.984,0.4962117672,0.7020671964,0.9,1,0,0
2014-06-30 09:51:28.519,0.4962117672,0.7020671964,0.9,1,0,0
2014-06-30 09:53:04.007,0.4962117672,0.7020671964,0.9,1,0,0
2014-06-30 09:54:48.777,0.4962117672,0.7020671964,0.9,1,0,0
2014-06-30 09:56:24.367,0.4962117672,0.7020671964,0.9,1,0,0
2014-06-30 09:58:02.832,0.4970115125,0.7020671964,0.9,1,0,0
2014-06-30 09:59:41.402,0.5329625607,0.7020671964,0.9,1,0,0
2014-06-30 10:01:19.968,0.5886623263,0.7020671964,0.9,1,0,0
2014-06-30 10:02:58.539,0.614705801,0.7020671964,0.9,1,0,0
2014-06-30 10:04:37.074,0.6108444929,0.7020671964,0.9,1,0,0
2014-06-30 10:06:15.644,0.5814393759,0.7020671964,0.9,1,0,0
2014-06-30 10:07:54.246,0.6152547598,0.7020671964,0.9,1,0,0
2014-06-30 10:09:29.699,0.5873795152,0.6351887584,0.9,1,0,0
2014-06-30 10:11:14.468,0.6122861505,0.6351887584,0.9,1,0,0
2014-06-30 10:12:49.953,0.5924868584,0.6351887584,0.9,1,0,0
2014-06-30 10:14:28.488,0.5908453465,0.6351887584,0.9,1,0,0
2014-06-30 10:16:07.093,0.6073440313,0.6351887584,0.9,1,0,0
2014-06-30 10:17:45.664,0.5957068205,0.6351887584,0.9,1,0,0
2014-06-30 10:19:24.335,0.5888646841,0.6351887584,0.9,1,0,0
2014-06-30 10:21:02.906,0.5746175647,0.6351887584,0.9,1,0,0
2014-06-30 10:22:41.476,0.6688305736,0.6351887584,0.9,1,0,1
2014-06-30 10:24:20.046,0.5815581679,0.6351887584,0.9,1,0,0
2014-06-30 10:25:53.886,0.5251461267,0.6351887584,0.9,1,0,0
2014-06-30 10:27:40.160,0.5725086927,0.6351887584,0.9,1,0,0
2014-06-30 10:29:15.648,0.6221846342,0.6351887584,0.9,1,0,0
2014-06-30 10:30:54.218,0.5960536003,0.6351887584,0.9,1,0,0
2014-06-30 10:32:32.785,0.6377547979,0.6351887584,0.9,1,0,1
2014-06-30 10:34:11.355,0.6330339313,0.6351887584,0.9,1,0,0
2014-06-30 10:35:49.921,0.6426764727,0.6351887584,0.9,1,0,1
2014-06-30 10:37:28.492,0.6389447451,0.6351887584,0.9,1,0,1
2014-06-30 10:39:07.062,0.601352334,0.6351887584,0.9,1,0,0
2014-06-30 10:40:45.632,0.6165873408,0.6351887584,0.9,1,0,0
2014-06-30 10:42:20.437,0.5972915888,0.6351887584,0.9,1,0,0
2014-06-30 10:44:05.851,0.5907363892,0.6351887584,0.9,1,0,0
2014-06-30 10:45:41.339,0.59719491,0.6351887584,0.9,1,0,0
2014-06-30 10:47:19.910,0.635365665,0.6351887584,0.9,1,0,1
2014-06-30 10:48:58.476,0.6148254871,0.6351887584,0.9,1,0,0
2014-06-30 10:50:37.046,0.588996768,0.6351887584,0.9,1,0,0
2014-06-30 10:52:15.617,0.5380117893,0.6351887584,0.9,1,0,0
2014-06-30 10:53:54.187,0.5323975682,0.6351887584,0.9,1,0,0
2014-06-30 10:55:32.753,0.5345082283,0.6351887584,0.9,1,0,0
2014-06-30 10:57:11.324,0.5055497289,0.6351887584,0.9,1,0,0
2014-06-30 10:58:45.238,0.4962117672,0.6351887584,0.9,1,0,0
2014-06-30 11:00:31.542,0.4988679588,0.6351887584,0.9,1,0,0
2014-06-30 11:02:07.031,0.4962117672,0.6351887584,0.9,1,0,0
2014-06-30 11:03:45.601,0.4962117672,0.6351887584,0.9,1,0,0
2014-06-30 11:05:24.171,0.4962117672,0.6351887584,0.9,1,0,0
2014-06-30 11:07:02.738,0.4962117672,0.6351887584,0.9,1,0,0
2014-06-30 11:08:41.308,0.4962117672,0.6351887584,0.9,1,0,0
2014-06-30 11:10:16.765,0.4962117672,0.6351887584,0.9,1,0,0
2014-06-30 11:11:55.300,0.4962117672,0.6351887584,0.9,1,0,0
2014-06-30 11:13:35.617,0.4962117672,0.6351887584,0.9,1,0,0
2014-06-30 11:15:10.929,0.4962117672,0.6351887584,0.9,1,0,0
2014-06-30 11:16:57.238,0.4962117672,0.6351887584,0.9,0,0,0
2014-06-30 11:18:32.687,0.4962117672,0.6351887584,0.9,0,0,0
2014-06-30 11:20:17.382,0.4962117672,0.6351887584,0.9,0,0,0
2014-06-30 11:21:53.050,0.4962117672,0.6351887584,0.9,0,0,0
2014-06-30 11:23:31.621,0.4962117672,0.6351887584,0.9,0,0,0
2014-06-30 11:25:10.218,0.4962117672,0.6351887584,0.9,0,0,0
2014-06-30 11:26:48.757,0.4962117672,0.6351887584,0.9,0,0,0
2014-06-30 11:28:27.328,0.4962117672,0.6351887584,0.9,0,0,0
2014-06-30 11:30:05.894,0.4962117672,0.6351887584,0.9,0,0,0
2014-06-30 11:31:40.523,0.4962117672,0.6351887584,0.9,0,0,0
2014-06-30 11:33:19.953,0.4962117672,0.6351887584,0.9,0,0,0
2014-06-30 11:35:01.601,0.4962117672,0.6351887584,0.9,0,0,0
2014-06-30 11:36:40.171,0.4962117672,0.6351887584,0.9,0,0,0
2014-06-30 11:38:18.742,0.4962117672,0.6351887584,0.9,0,0,0
2014-06-30 11:39:57.312,0.4962117672,0.6351887584,0.9,0,0,0
2014-06-30 11:41:38.851,0.4962117672,0.6351887584,0.9,0,0,0
2014-06-30 11:43:14.449,0.4962117672,0.6351887584,0.9,0,0,0
2014-06-30 11:44:53.019,0.4962117672,0.6351887584,0.9,0,0,0
2014-06-30 11:46:31.585,0.4962117672,0.6351887584,0.9,0,0,0
2014-06-30 11:48:06.285,0.4962117672,0.6351887584,0.9,0,0,0
2014-06-30 11:49:51.804,0.4962117672,0.6351887584,0.9,0,0,0
2014-06-30 11:51:27.292,0.4962117672,0.6351887584,0.9,0,0,0
2014-06-30 11:53:05.863,0.4962117672,0.6351887584,0.9,0,0,0
2014-06-30 11:54:44.429,0.4962117672,0.6126320958,0.9,0,0,0
2014-06-30 11:56:22.999,0.4962117672,0.6126320958,0.9,0,0,0
2014-06-30 11:58:01.570,0.4962117672,0.6126320958,0.9,0,0,0
2014-06-30 11:59:40.136,0.4962117672,0.6126320958,0.9,0,0,0
2014-06-30 12:01:18.707,0.4962117672,0.6126320958,0.9,0,0,0
2014-06-30 12:02:57.273,0.4962117672,0.6126320958,0.9,0,0,0
2014-06-30 12:04:29.679,0.4962117672,0.6126320958,0.9,0,0,0
2014-06-30 12:06:17.492,0.4962117672,0.6126320958,0.9,0,0,0
2014-06-30 12:07:52.980,0.4962117672,0.6126320958,0.9,0,0,0
2014-06-30 12:09:31.550,0.4962117672,0.6126320958,0.9,0,0,0
2014-06-30 12:11:10.117,0.4962117672,0.6126320958,0.9,0,0,0
2014-06-30 12:12:48.687,0.4962117672,0.6126320958,0.9,0,0,0
2014-06-30 12:14:27.253,0.4962117672,0.6126320958,0.9,0,0,0
2014-06-30 12:16:05.820,0.4962117672,0.6126320958,0.9,0,0,0
2014-06-30 12:17:44.390,0.4962117672,0.6126320958,0.9,0,0,0
2014-06-30 12:19:22.960,0.4962117672,0.6126320958,0.9,0,0,0
2014-06-30 12:20:57.589,0.4962117672,0.6126320958,0.9,0,0,0
2014-06-30 12:22:43.175,0.4962117672,0.6126320958,0.9,0,0,0
2014-06-30 12:24:18.667,0.4962117672,0.6126320958,0.9,0,0,0
2014-06-30 12:25:57.234,0.4962117672,0.6126320958,0.9,0,0,0
2014-06-30 12:27:35.804,0.4962117672,0.6126320958,0.9,0,0,0
2014-06-30 12:29:14.371,0.4962117672,0.6126320958,0.9,0,0,0
2014-06-30 12:30:52.941,0.4962117672,0.6126320958,0.9,0,0,0
2014-06-30 12:32:31.503,0.4962117672,0.6126320958,0.9,0,0,0
2014-06-30 12:34:10.078,0.4962117672,0.6126320958,0.9,0,0,0
2014-06-30 12:35:48.644,0.4962117672,0.6126320958,0.9,0,0,0
2014-06-30 12:37:23.273,0.4962117672,0.6126320958,0.9,0,0,0
2014-06-30 12:39:08.859,0.4962117672,0.6126320958,0.9,0,0,0
2014-06-30 12:40:44.351,0.4962117672,0.6126320958,0.9,0,0,0
2014-06-30 12:42:22.917,0.4962117672,0.6126320958,0.9,0,0,0
2014-06-30 12:44:01.488,0.4962117672,0.6126320958,0.9,0,0,0
2014-06-30 12:45:40.054,0.4962117672,0.6126320958,0.9,0,0,0
2014-06-30 12:47:18.621,0.4962117672,0.6126320958,0.9,0,0,0
2014-06-30 12:48:57.191,0.4962117672,0.6126320958,0.9,0,0,0
2014-06-30 12:50:35.761,0.4962117672,0.6126320958,0.9,0,0,0
2014-06-30 12:52:14.328,0.4962117672,0.6126320958,0.9,0,0,0
2014-06-30 12:53:46.734,0.4962117672,0.6126320958,0.9,0,0,0
2014-06-30 12:55:34.507,0.4962117672,0.6126320958,0.9,0,0,0
2014-06-30 12:57:10.035,0.4962117672,0.6126320958,0.9,0,0,0
2014-06-30 12:58:48.597,0.4962117672,0.6126320958,0.9,0,0,0
2014-06-30 13:00:27.171,0.4962117672,0.6126320958,0.9,0,0,0
2014-06-30 13:02:05.738,0.4962117672,0.6126320958,0.9,0,0,0
2014-06-30 13:03:44.300,0.4962117672,0.6126320958,0.9,0,0,0
2014-06-30 13:05:22.875,0.4962117672,0.6126320958,0.9,0,0,0
2014-06-30 13:07:01.441,0.4962117672,0.6126320958,0.9,0,0,0
2014-06-30 13:08:40.011,0.4962117672,0.6126320958,0.9,0,0,0
2014-06-30 13:10:14.640,0.4962117672,0.6126320958,0.9,0,0,0
2014-06-30 13:11:50.949,0.4962117672,0.6126320958,0.9,0,0,0
2014-06-30 13:13:32.601,0.4962117672,0.6126320958,0.9,0,0,0
2014-06-30 13:15:11.167,0.4962117672,0.6126320958,0.9,0,0,0
2014-06-30 13:16:49.773,0.4962117672,0.6126320958,0.9,0,0,0
2014-06-30 13:18:28.335,0.4962117672,0.6126320958,0.9,0,0,0
2014-06-30 13:20:06.910,0.4962117672,0.6126320958,0.9,0,0,0
2014-06-30 13:21:45.476,0.4962117672,0.6126320958,0.9,0,0,0
2014-06-30 13:23:24.011,0.4962117672,0.6126320958,0.9,0,0,0
2014-06-30 13:25:02.617,0.4962117672,0.6126320958,0.9,0,0,0
2014-06-30 13:26:36.421,0.4962117672,0.6126320958,0.9,0,0,0
2014-06-30 13:28:22.832,0.4962117672,0.6126320958,0.9,0,0,0
2014-06-30 13:29:58.320,0.4962117672,0.6126320958,0.9,0,0,0
2014-06-30 13:31:36.890,0.4962117672,0.6126320958,0.9,0,0,0
2014-06-30 13:33:15.421,0.4962117672,0.6126320958,0.9,0,0,0
2014-06-30 13:34:54.027,0.4962117672,0.6126320958,0.9,0,0,0
2014-06-30 13:36:32.593,0.4962117672,0.6126320958,0.9,0,0,0
2014-06-30 13:38:11.164,0.4962117672,0.6126320958,0.9,0,0,0
2014-06-30 13:39:49.730,0.4962117672,0.5599530935,0.9,0,0,0
2014-06-30 13:41:28.265,0.4962117672,0.5599530935,0.9,0,0,0
2014-06-30 13:43:02.074,0.4962117672,0.5599530935,0.9,0,0,0
2014-06-30 13:44:45.261,0.4962117672,0.5599530935,0.9,0,0,0
2014-06-30 13:46:23.972,0.4962117672,0.5599530935,0.9,0,0,0
2014-06-30 13:48:02.402,0.4962117672,0.5599530935,0.9,0,0,0
2014-06-30 13:49:41.109,0.4962117672,0.5599530935,0.9,0,0,0
2014-06-30 13:51:16.632,0.4962117672,0.5599530935,0.9,0,0,0
2014-06-30 13:52:55.167,0.4962117672,0.5599530935,0.9,0,0,0
2014-06-30 13:54:33.734,0.4962117672,0.5599530935,0.9,0,0,0
2014-06-30 13:56:12.304,0.4962117672,0.5599530935,0.9,0,0,0
2014-06-30 13:57:50.875,0.4962117672,0.5599530935,0.9,0,0,0
2014-06-30 13:59:24.679,0.4962117672,0.5599530935,0.9,0,0,0
2014-06-30 14:01:04.929,0.4962117672,0.5599530935,0.9,0,0,0
2014-06-30 14:02:46.578,0.4962117672,0.5599530935,0.9,0,0,0
2014-06-30 14:04:28.085,0.4962117672,0.5599530935,0.9,0,0,0
2014-06-30 14:06:03.718,0.4962117672,0.5599530935,0.9,0,0,0
2014-06-30 14:07:42.285,0.4962117672,0.5599530935,0.9,0,0,0
2014-06-30 14:09:20.855,0.4962117672,0.5599530935,0.9,0,0,0
2014-06-30 14:10:59.421,0.4962117672,0.5599530935,0.9,0,0,0
2014-06-30 14:12:37.992,0.4962117672,0.5599530935,0.9,0,0,0
2014-06-30 14:14:16.597,0.4962117672,0.5599530935,0.9,0,0,0
2014-06-30 14:15:51.222,0.4962117672,0.5599530935,0.9,0,0,0
2014-06-30 14:17:30.617,0.4962117672,0.5599530935,0.9,0,0,0
2014-06-30 14:19:12.269,0.4962117672,0.5599530935,0.9,0,0,0
2014-06-30 14:20:50.835,0.4962117672,0.5599530935,0.9,0,0,0
2014-06-30 14:22:29.406,0.4962117672,0.5599530935,0.9,0,0,0
2014-06-30 14:24:07.972,0.4962117672,0.5599530935,0.9,0,0,0
2014-06-30 14:25:49.515,0.4962117672,0.5599530935,0.9,0,0,0
2014-06-30 14:27:28.050,0.4962117672,0.5599530935,0.9,0,0,0
2014-06-30 14:29:06.617,0.4962117672,0.5599530935,0.9,0,0,0
2014-06-30 14:30:45.187,0.4962117672,0.5599530935,0.9,0,0,0
2014-06-30 14:32:17.738,0.4962117672,0.5599530935,0.9,0,0,0
2014-06-30 14:33:59.246,0.4962117672,0.5599530935,0.9,0,0,0
2014-06-30 14:35:40.929,0.4962117672,0.5599530935,0.9,0,0,0
2014-06-30 14:37:16.527,0.4962117672,0.5599530935,0.9,0,0,0
2014-06-30 14:38:55.093,0.4962117672,0.5599530935,0.9,0,0,0
2014-06-30 14:40:33.664,0.4962117672,0.5599530935,0.9,0,0,0
2014-06-30 14:42:12.234,0.4962117672,0.5599530935,0.9,0,0,0
2014-06-30 14:43:53.738,0.4962117672,0.5599530935,0.9,0,0,0
2014-06-30 14:45:29.371,0.4962117672,0.5599530935,0.9,0,0,0
2014-06-30 14:47:07.937,0.4962117672,0.5599530935,0.9,0,0,0
2014-06-30 14:48:42.601,0.4962117672,0.5599530935,0.9,0,0,0
2014-06-30 14:50:22.031,0.4962117672,0.5599530935,0.9,0,0,0
2014-06-30 14:52:03.679,0.4962117672,0.5599530935,0.9,0,0,0
2014-06-30 14:53:42.250,0.4962117672,0.5599530935,0.9,0,0,0
2014-06-30 14:55:23.757,0.4962117672,0.5599530935,0.9,0,0,0
2014-06-30 14:57:02.289,0.4962117672,0.5599530935,0.9,0,0,0
2014-06-30 14:58:37.921,0.4962117672,0.5599530935,0.9,0,0,0
2014-06-30 15:00:16.527,0.4962117672,0.5599530935,0.9,0,0,0
2014-06-30 15:01:55.093,0.4962117672,0.5599530935,0.9,0,0,0
2014-06-30 15:03:36.601,0.4962117672,0.5599530935,0.9,0,0,0
2014-06-30 15:05:09.152,0.4962117672,0.5599530935,0.9,0,0,0
2014-06-30 15:06:47.718,0.4962117672,0.5599530935,0.9,0,0,0
2014-06-30 15:08:29.371,0.4962117672,0.5599530935,0.9,0,0,0
2014-06-30 15:10:07.941,0.4962117672,0.5599530935,0.9,0,0,0
2014-06-30 15:11:46.507,0.4962117672,0.5599530935,0.9,0,0,0
2014-06-30 15:13:25.078,0.4962117672,0.5599530935,0.9,0,0,0
2014-06-30 15:15:03.648,0.4962117672,0.5599530935,0.9,0,0,0
2014-06-30 15:16:42.214,0.4962117672,0.5599530935,0.9,0,0,0
2014-06-30 15:18:20.785,0.4962117672,0.5599530935,0.9,0,0,0
2014-06-30 15:19:59.320,0.4962117672,0.5599530935,0.9,0,0,0
2014-06-30 15:21:33.980,0.4962117672,0.5599530935,0.9,0,0,0
2014-06-30 15:23:13.375,0.4962117672,0.5599530935,0.9,0,0,0
2014-06-30 15:24:55.027,0.4962117672,0.6275740862,0.9,0,0,0
2014-06-30 15:26:33.593,0.4962117672,0.6275740862,0.9,0,0,0
2014-06-30 15:28:12.164,0.4962117672,0.6275740862,0.9,0,0,0
2014-06-30 15:29:53.707,0.4962117672,0.6275740862,0.9,0,0,0
2014-06-30 15:31:29.339,0.4962117672,0.6275740862,0.9,0,0,0
2014-06-30 15:33:07.906,0.4962117672,0.6275740862,0.9,0,0,0
2014-06-30 15:34:46.441,0.4962117672,0.6275740862,0.9,0,0,0
2014-06-30 15:36:25.046,0.4962117672,0.6275740862,0.9,0,0,0
2014-06-30 15:37:58.816,0.4962117672,0.6275740862,0.9,0,0,0
2014-06-30 15:39:39.066,0.4962117672,0.6275740862,0.9,0,0,0
2014-06-30 15:41:20.753,0.4962117672,0.6275740862,0.9,0,0,0
2014-06-30 15:42:59.320,0.4962117672,0.6275740862,0.9,0,0,0
2014-06-30 15:44:37.890,0.4962117672,0.6275740862,0.9,0,0,0
2014-06-30 15:46:16.460,0.4962117672,0.6275740862,0.9,0,0,0
2014-06-30 15:47:54.992,0.4962117672,0.6275740862,0.9,0,0,0
2014-06-30 15:49:33.597,0.4962117672,0.6275740862,0.9,0,0,0
2014-06-30 15:51:12.167,0.4962117672,0.6275740862,0.9,0,0,0
2014-06-30 15:52:50.734,0.4962117672,0.6275740862,0.9,0,0,0
2014-06-30 15:54:24.507,0.4962117672,0.6275740862,0.9,0,0,0
2014-06-30 15:56:04.792,0.4962117672,0.6275740862,0.9,0,0,0
2014-06-30 15:57:46.441,0.4962117672,0.6275740862,0.9,0,0,0
2014-06-30 15:59:25.011,0.4962117672,0.6275740862,0.9,0,0,0
2014-06-30 16:01:03.582,0.4962117672,0.6275740862,0.9,0,0,0
2014-06-30 16:02:42.148,0.4962117672,0.6275740862,0.9,0,0,0
2014-06-30 16:04:20.718,0.4962117672,0.6275740862,0.9,0,0,0
2014-06-30 16:05:59.289,0.4962117672,0.6275740862,0.9,0,0,0
2014-06-30 16:07:37.855,0.4962117672,0.6275740862,0.9,0,0,0
2014-06-30 16:09:16.425,0.4962117672,0.6275740862,0.9,0,0,0
2014-06-30 16:10:50.234,0.4962117672,0.6275740862,0.9,0,0,0
2014-06-30 16:12:30.812,0.4962117672,0.6275740862,0.9,0,0,0
2014-06-30 16:14:11.765,0.4962117672,0.6275740862,0.9,0,0,0
2014-06-30 16:15:50.703,0.4962117672,0.6275740862,0.9,0,0,0
2014-06-30 16:17:29.269,0.4962117672,0.6275740862,0.9,0,0,0
2014-06-30 16:19:07.839,0.4962117672,0.6275740862,0.9,0,0,0
2014-06-30 16:20:49.347,0.4962117672,0.6275740862,0.9,0,0,0
2014-06-30 16:22:24.980,0.4962117672,0.6275740862,0.9,0,0,0
2014-06-30 16:24:06.519,0.4962117672,0.6275740862,0.9,0,0,0
2014-06-30 16:25:45.054,0.4962117672,0.6275740862,0.9,0,0,0
2014-06-30 16:27:16.746,0.4962117672,0.6275740862,0.9,0,0,0
2014-06-30 16:28:56.207,0.5124894977,0.6275740862,0.9,0,0,0
2014-06-30 16:30:37.859,0.5164459348,0.6275740862,0.9,0,0,0
2014-06-30 16:32:16.394,0.5393804908,0.6275740862,0.9,0,0,0
2014-06-30 16:33:57.898,0.5398211479,0.6275740862,0.9,0,0,0
2014-06-30 16:35:36.468,0.5367176533,0.6275740862,0.9,0,0,0
2014-06-30 16:37:12.101,0.5326871276,0.6275740862,0.9,0,0,0
2014-06-30 16:38:50.671,0.5374134183,0.6275740862,0.9,0,0,0
2014-06-30 16:40:29.269,0.5483518839,0.6275740862,0.9,0,0,0
2014-06-30 16:42:07.808,0.5475817919,0.6275740862,0.9,0,0,0
2014-06-30 16:43:42.437,0.5325614214,0.6275740862,0.9,0,0,0
2014-06-30 16:45:24.804,0.5389560461,0.6275740862,0.9,0,0,0
2014-06-30 16:47:03.515,0.5392157435,0.6275740862,0.9,0,0,0
2014-06-30 16:48:42.085,0.5426092148,0.6275740862,0.9,0,0,0
2014-06-30 16:50:23.589,0.5448448658,0.6275740862,0.9,0,0,0
2014-06-30 16:51:59.222,0.5245119333,0.6275740862,0.9,0,0,0
2014-06-30 16:53:40.730,0.5167280436,0.6275740862,0.9,0,0,0
2014-06-30 16:55:16.359,0.5054805875,0.6275740862,0.9,0,0,0
2014-06-30 16:56:54.929,0.5164006948,0.6275740862,0.9,0,0,0
2014-06-30 17:01:53.714,0.509632051,0.6275740862,0.9,0,0,0
2014-06-30 17:03:29.207,0.5130223632,0.6275740862,0.9,0,0,0
2014-06-30 17:05:07.812,0.5236319304,0.6275740862,0.9,0,0,0
2014-06-30 17:06:46.374,0.5230895281,0.6275740862,0.9,0,0,0
2014-06-30 17:08:24.949,0.520980835,0.6275740862,0.9,0,0,0
2014-06-30 17:10:03.515,0.5094889402,0.6275740862,0.9,0,0,0
2014-06-30 17:11:42.085,0.5078833103,0.6275740862,0.9,0,0,0
2014-06-30 17:13:20.656,0.4962117672,0.6428394318,0.9,0,0,0
2014-06-30 17:14:59.222,0.4962117672,0.6428394318,0.9,0,0,0
2014-06-30 17:16:33.886,0.4962117672,0.6428394318,0.9,0,0,0
2014-06-30 17:18:19.406,0.4962117672,0.6428394318,0.9,0,0,0
2014-06-30 17:19:54.898,0.4962117672,0.6428394318,0.9,0,0,0
2014-06-30 17:21:33.468,0.4962117672,0.6428394318,0.9,0,0,0
2014-06-30 17:23:12.035,0.4962117672,0.6428394318,0.9,0,0,0
2014-06-30 17:24:50.605,0.4962117672,0.6428394318,0.9,0,0,0
2014-06-30 17:26:29.175,0.4962117672,0.6428394318,0.9,0,0,0
2014-06-30 17:28:07.742,0.4962117672,0.6428394318,0.9,0,0,0
2014-06-30 17:29:46.343,0.4962117672,0.6428394318,0.9,0,0,0
2014-06-30 17:31:24.882,0.4962117672,0.6428394318,0.9,0,0,0
2014-06-30 17:32:59.511,0.4962117672,0.6428394318,0.9,0,0,0
2014-06-30 17:34:48.859,0.4962117672,0.6428394318,0.9,0,0,0
2014-06-30 17:36:20.589,0.4962117672,0.6428394318,0.9,0,0,0
2014-06-30 17:37:59.160,0.4962117672,0.6428394318,0.9,0,0,0
2014-06-30 17:39:37.796,0.4962117672,0.6428394318,0.9,0,0,0
2014-06-30 17:41:16.367,0.4962117672,0.6428394318,0.9,0,0,0
2014-06-30 17:42:54.898,0.4962117672,0.6428394318,0.9,0,0,0
2014-06-30 17:44:33.503,0.4962117672,0.6428394318,0.9,0,0,0
2014-06-30 17:46:12.039,0.4962117672,0.6428394318,0.9,0,0,0
2014-06-30 17:47:50.605,0.4962117672,0.6428394318,0.9,0,0,0
2014-06-30 17:49:21.335,0.4962117672,0.6428394318,0.9,0,0,0
2014-06-30 17:51:07.710,0.4962117672,0.6428394318,0.9,0,0,0
2014-06-30 17:52:43.234,0.4962117672,0.6428394318,0.9,0,0,0
2014-06-30 17:54:25.601,0.4962117672,0.6428394318,0.9,0,0,0
2014-06-30 17:56:04.171,0.4962117672,0.6428394318,0.9,0,0,0
2014-06-30 17:57:45.140,0.4962117672,0.6428394318,0.9,0,0,0
2014-06-30 17:59:17.546,0.4962117672,0.6428394318,0.9,0,0,0
2014-06-30 18:01:02.277,0.4962117672,0.6428394318,0.9,0,0,0
2014-06-30 18:02:38.449,0.4962117672,0.6428394318,0.9,0,0,0
2014-06-30 18:04:17.015,0.4962117672,0.6428394318,0.9,0,0,0
2014-06-30 18:05:48.742,0.4962117672,0.6428394318,0.9,0,0,0
2014-06-30 18:07:31.074,0.4962117672,0.6428394318,0.9,0,0,0
2014-06-30 18:09:12.722,0.4962117672,0.6428394318,0.9,0,0,0
2014-06-30 18:10:51.292,0.4962117672,0.6428394318,0.9,0,0,0
2014-06-30 18:12:26.062,0.4962117672,0.6428394318,0.9,0,0,0
2014-06-30 18:14:04.671,0.4962117672,0.6428394318,0.9,0,0,0
2014-06-30 18:15:43.242,0.4962117672,0.6428394318,0.9,0,0,0
2014-06-30 18:17:24.718,0.4962117672,0.6428394318,0.9,0,0,0
2014-06-30 18:19:00.335,0.4962117672,0.6428394318,0.9,0,0,0
2014-06-30 18:20:41.851,0.4962117672,0.6428394318,0.9,0,0,0
2014-06-30 18:22:14.398,0.4962117672,0.6428394318,0.9,0,0,0
2014-06-30 18:23:56.765,0.4962117672,0.6428394318,0.9,0,0,0
2014-06-30 18:25:38.414,0.4962117672,0.6428394318,0.9,0,0,0
2014-06-30 18:27:16.984,0.4962117672,0.6428394318,0.9,0,0,0
2014-06-30 18:28:46.312,0.4962117672,0.6428394318,0.9,0,0,0
2014-06-30 18:30:24.882,0.4962117672,0.6428394318,0.9,0,0,0
2014-06-30 18:32:03.453,0.4962117672,0.6428394318,0.9,0,0,0
2014-06-30 18:33:42.023,0.4962117672,0.6428394318,0.9,0,0,0
2014-06-30 18:35:20.593,0.4962117672,0.6428394318,0.9,0,0,0
2014-06-30 18:37:01.515,0.4962117672,0.6428394318,0.9,0,0,0
2014-06-30 18:38:37.007,0.4962117672,0.6428394318,0.9,0,0,0
2014-06-30 18:40:15.578,0.4962117672,0.6428394318,0.9,0,0,0
2014-06-30 18:41:57.226,0.4962117672,0.6428394318,0.9,0,0,0
2014-06-30 18:43:35.796,0.4962117672,0.6428394318,0.9,0,0,0
2014-06-30 18:45:14.367,0.4962117672,0.6428394318,0.9,0,0,0
2014-06-30 18:46:52.929,0.4962117672,0.6428394318,0.9,0,0,0
2014-06-30 18:48:34.445,0.4962117672,0.6428394318,0.9,0,0,0
2014-06-30 18:50:13.015,0.4962117672,0.6428394318,0.9,0,0,0
2014-06-30 18:51:52.437,0.4962117672,0.6428394318,0.9,0,0,0
2014-06-30 18:53:27.210,0.4962117672,0.6428394318,0.9,0,0,0
2014-06-30 18:55:01.882,0.4962117672,0.6428394318,0.9,0,0,0
2014-06-30 18:56:51.234,0.4962117672,0.6428394318,0.9,0,0,0
2014-06-30 18:58:22.921,0.4962117672,0.5943938494,0.9,0,0,0
2014-06-30 19:00:01.484,0.4962117672,0.5943938494,0.9,0,0,0
2014-06-30 19:01:40.054,0.4962117672,0.5943938494,0.9,0,0,0
2014-06-30 19:03:18.625,0.4962117672,0.5943938494,0.9,0,0,0
2014-06-30 19:04:57.195,0.4962117672,0.5943938494,0.9,0,0,0
2014-06-30 19:06:35.765,0.4962117672,0.5943938494,0.9,0,0,0
2014-06-30 19:08:17.281,0.4962117672,0.5943938494,0.9,0,0,0
2014-06-30 19:09:55.851,0.4962117672,0.5943938494,0.9,0,0,0
2014-06-30 19:11:27.570,0.4962117672,0.5943938494,0.9,0,0,0
2014-06-30 19:13:09.898,0.4962117672,0.5943938494,0.9,0,0,0
2014-06-30 19:14:51.554,0.4962117672,0.5943938494,0.9,0,0,0
2014-06-30 19:16:30.124,0.4962117672,0.5943938494,0.9,0,0,0
2014-06-30 19:18:05.750,0.4962117672,0.5943938494,0.9,0,0,0
2014-06-30 19:19:44.320,0.4962117672,0.5943938494,0.9,0,0,0
2014-06-30 19:21:22.882,0.4962117672,0.5943938494,0.9,0,0,0
2014-06-30 19:23:01.453,0.4962117672,0.5943938494,0.9,0,0,0
2014-06-30 19:24:39.992,0.4962117672,0.5943938494,0.9,0,0,0
2014-06-30 19:26:18.562,0.4962117672,0.5943938494,0.9,0,0,0
2014-06-30 19:27:52.406,0.4962117672,0.5943938494,0.9,0,0,0
2014-06-30 19:29:38.820,0.4962117672,0.5943938494,0.9,0,0,0
2014-06-30 19:31:14.273,0.4962117672,0.5943938494,0.9,0,0,0
2014-06-30 19:32:52.867,0.4962117672,0.5943938494,0.9,0,0,0
2014-06-30 19:34:31.437,0.4962117672,0.5943938494,0.9,0,0,0
2014-06-30 19:36:10.007,0.4962117672,0.5943938494,0.9,0,0,0
2014-06-30 19:37:51.523,0.4962117672,0.5943938494,0.9,0,0,0
2014-06-30 19:39:27.148,0.4962117672,0.5943938494,0.9,0,0,0
2014-06-30 19:41:05.718,0.4962117672,0.5943938494,0.9,0,0,0
2014-06-30 19:42:44.289,0.4962117672,0.5943938494,0.9,0,0,0
2014-06-30 19:44:18.890,0.4962117672,0.5943938494,0.9,0,0,0
2014-06-30 19:46:04.468,0.4962117672,0.5943938494,0.9,0,0,0
2014-06-30 19:47:39.960,0.4962117672,0.5943938494,0.9,0,0,0
2014-06-30 19:49:18.531,0.4962117672,0.5943938494,0.9,0,0,0
2014-06-30 19:50:57.101,0.4962117672,0.5943938494,0.9,0,0,0
2014-06-30 19:52:35.671,0.4962117672,0.5943938494,0.9,0,0,0
2014-06-30 19:54:14.273,0.4962117672,0.5943938494,0.9,0,0,0
2014-06-30 19:55:52.835,0.4962117672,0.5943938494,0.9,0,0,0
2014-06-30 19:57:31.375,0.4962117672,0.5943938494,0.9,0,0,0
2014-06-30 19:59:09.945,0.4962117672,0.5943938494,0.9,0,0,0
2014-06-30 20:00:44.648,0.4962117672,0.5943938494,0.9,0,0,0
2014-06-30 20:02:24.039,0.4962117672,0.5943938494,0.9,0,0,0
2014-06-30 20:04:08.734,0.4962117672,0.5943938494,0.9,0,0,0
2014-06-30 20:05:44.257,0.4962117672,0.5943938494,0.9,0,0,0
2014-06-30 20:07:22.820,0.4962117672,0.5943938494,0.9,0,0,0
2014-06-30 20:09:01.390,0.4962117672,0.5943938494,0.9,0,0,0
2014-06-30 20:10:39.960,0.4962117672,0.5943938494,0.9,0,0,0
2014-06-30 20:12:18.531,0.4962117672,0.5943938494,0.9,0,0,0
2014-06-30 20:13:57.101,0.4962117672,0.5943938494,0.9,0,0,0
2014-06-30 20:15:38.617,0.4962117672,0.5943938494,0.9,0,0,0
2014-06-30 20:17:10.343,0.4962117672,0.5943938494,0.9,0,0,0
2014-06-30 20:18:55.851,0.4962117672,0.5943938494,0.9,0,0,0
2014-06-30 20:20:31.343,0.4962117672,0.5943938494,0.9,0,0,0
2014-06-30 20:22:12.992,0.4962117672,0.5943938494,0.9,0,0,0
2014-06-30 20:23:48.484,0.4962117672,0.5943938494,0.9,0,0,0
2014-06-30 20:25:27.054,0.4962117672,0.5943938494,0.9,0,0,0
2014-06-30 20:27:08.601,0.4962117672,0.5943938494,0.9,0,0,0
2014-06-30 20:28:44.195,0.4962117672,0.5943938494,0.9,0,0,0
2014-06-30 20:30:22.757,0.4962117672,0.5943938494,0.9,0,0,0
2014-06-30 20:32:01.328,0.4962117672,0.5943938494,0.9,0,0,0
2014-06-30 20:33:36.812,0.4962117672,0.5943938494,0.9,0,0,0
2014-06-30 20:35:15.421,0.4962117672,0.5943938494,0.9,0,0,0
2014-06-30 20:36:57.070,0.4962117672,0.5943938494,0.9,0,0,0
2014-06-30 20:38:35.640,0.4962117672,0.5943938494,0.9,0,0,0
2014-06-30 20:40:14.179,0.4962117672,0.5943938494,0.9,0,0,0
2014-06-30 20:41:52.742,0.4962117672,0.5943938494,0.9,0,0,0
2014-06-30 20:43:31.312,0.4962117672,0.5479457378,0.9,0,0,0
2014-06-30 20:45:12.960,0.4962117672,0.5479457378,0.9,0,0,0
2014-06-30 20:46:48.484,0.4962117672,0.5479457378,0.9,0,0,0
2014-06-30 20:48:27.023,0.4962117672,0.5479457378,0.9,0,0,0
2014-06-30 20:50:00.968,0.4962117672,0.5479457378,0.9,0,0,0
2014-06-30 20:51:47.242,0.4962117672,0.5479457378,0.9,0,0,0
2014-06-30 20:53:22.726,0.4962117672,0.5479457378,0.9,0,0,0
2014-06-30 20:55:01.296,0.4962117672,0.5479457378,0.9,0,0,0
2014-06-30 20:56:39.867,0.4962117672,0.5479457378,0.9,0,0,0
2014-06-30 20:58:18.468,0.4962117672,0.5479457378,0.9,0,0,0
2014-06-30 20:59:57.039,0.4962117672,0.5479457378,0.9,0,0,0
2014-06-30 21:01:35.609,0.4962117672,0.5479457378,0.9,0,0,0
2014-06-30 21:03:14.179,0.4962117672,0.5479457378,0.9,0,0,0
2014-06-30 21:04:52.742,0.4962117672,0.5479457378,0.9,0,0,0
2014-06-30 21:11:27.023,0.4962117672,0.5479457378,0.9,0,0,0
2014-06-30 21:16:22.703,0.4962117672,0.5479457378,0.9,0,0,0
2014-06-30 21:18:04.343,0.4962117672,0.5479457378,0.9,0,0,0
2014-06-30 21:19:42.914,0.4962117672,0.5479457378,0.9,0,0,0
2014-06-30 21:21:21.382,0.4962117672,0.5479457378,0.9,0,0,0
2014-06-30 21:22:53.890,0.4962117672,0.5479457378,0.9,0,0,0
2014-06-30 21:24:35.437,0.4962117672,0.5479457378,0.9,0,0,0
2014-06-30 21:26:17.093,0.4962117672,0.5479457378,0.9,0,0,0
2014-06-30 21:27:55.656,0.4962117672,0.5479457378,0.9,0,0,0
2014-06-30 21:29:31.281,0.4962117672,0.5479457378,0.9,0,0,0
2014-06-30 21:31:09.851,0.4962117672,0.5479457378,0.9,0,0,0
2014-06-30 21:32:48.421,0.4962117672,0.5479457378,0.9,0,0,0
2014-06-30 21:37:44.132,0.4962117672,0.5479457378,0.9,0,0,0
2014-06-30 21:39:16.539,0.4962117672,0.5479457378,0.9,0,0,0
2014-06-30 21:41:04.351,0.4962117672,0.5479457378,0.9,0,0,0
2014-06-30 21:42:39.835,0.4962117672,0.5479457378,0.9,0,0,0
2014-06-30 21:44:18.406,0.4962117672,0.5479457378,0.9,0,0,0
2014-06-30 21:45:56.976,0.4962117672,0.5479457378,0.9,0,0,0
2014-06-30 21:47:35.546,0.4962117672,0.5479457378,0.9,0,0,0
2014-06-30 21:49:14.085,0.4962117672,0.5479457378,0.9,0,0,0
2014-06-30 21:50:52.648,0.4962117672,0.5479457378,0.9,0,0,0
2014-06-30 21:52:31.249,0.4962117672,0.5479457378,0.9,0,0,0
2014-06-30 21:54:09.789,0.4962117672,0.5479457378,0.9,0,0,0
2014-06-30 21:55:42.195,0.4962117672,0.5479457378,0.9,0,0,0
2014-06-30 21:57:30.007,0.4962117672,0.5479457378,0.9,0,0,0
2014-06-30 21:59:05.500,0.4962117672,0.5479457378,0.9,0,0,0
2014-06-30 22:00:44.070,0.4962117672,0.5479457378,0.9,0,0,0
2014-06-30 22:02:22.632,0.4962117672,0.5479457378,0.9,0,0,0
2014-06-30 22:04:01.203,0.4962117672,0.5479457378,0.9,0,0,0
2014-06-30 22:05:39.773,0.4962117672,0.5479457378,0.9,0,0,0
2014-06-30 22:07:18.343,0.4962117672,0.5479457378,0.9,0,0,0
2014-06-30 22:08:56.914,0.4962117672,0.5479457378,0.9,0,0,0
2014-06-30 22:10:35.515,0.4962117672,0.5479457378,0.9,0,0,0
2014-06-30 22:12:07.929,0.4962117672,0.5479457378,0.9,0,0,0
2014-06-30 22:13:55.742,0.4962117672,0.5479457378,0.9,0,0,0
2014-06-30 22:15:31.218,0.4962117672,0.5479457378,0.9,0,0,0
2014-06-30 22:17:09.789,0.4962117672,0.5479457378,0.9,0,0,0
2014-06-30 22:18:48.359,0.4962117672,0.5479457378,0.9,0,0,0
2014-06-30 22:20:26.929,0.4962117672,0.5479457378,0.9,0,0,0
2014-06-30 22:22:05.499,0.4962117672,0.5479457378,0.9,0,0,0
2014-06-30 22:23:44.039,0.4962117672,0.5479457378,0.9,0,0,0
2014-06-30 22:25:22.601,0.4962117672,0.5479457378,0.9,0,0,0
2014-06-30 22:27:01.171,0.4962117672,0.5479457378,0.9,0,0,0
2014-06-30 22:28:33.617,0.4962117672,0.5479457378,0.9,0,0,0
2014-06-30 22:30:21.429,0.4962117672,0.5479457378,0.9,0,0,0
2014-06-30 22:31:56.882,0.4962117672,0.5479457378,0.9,0,0,0
2014-06-30 22:33:35.453,0.4962117672,0.5479457378,0.9,0,0,0
2014-06-30 22:35:14.054,0.4962117672,0.5479457378,0.9,0,0,0
2014-06-30 22:36:52.624,0.4962117672,0.5479457378,0.9,0,0,0
2014-06-30 22:38:31.187,0.4962117672,0.5479457378,0.9,0,0,0
2014-06-30 22:40:09.757,0.4962117672,0.596283257,0.9,0,0,0
2014-06-30 22:41:48.296,0.4962117672,0.596283257,0.9,0,0,0
2014-06-30 22:43:26.867,0.4962117672,0.596283257,0.9,0,0,0
2014-06-30 22:45:01.499,0.4962117672,0.596283257,0.9,0,0,0
2014-06-30 22:46:47.085,0.4962117672,0.596283257,0.9,0,0,0
2014-06-30 22:48:22.578,0.4962117672,0.596283257,0.9,0,0,0
2014-06-30 22:49:58.062,0.4962117672,0.596283257,0.9,0,0,0
2014-06-30 22:51:36.632,0.4962117672,0.596283257,0.9,0,0,0
2014-06-30 22:53:15.203,0.4962117672,0.596283257,0.9,0,0,0
2014-06-30 22:54:53.773,0.4962117672,0.596283257,0.9,0,0,0
2014-06-30 22:56:32.343,0.4962117672,0.596283257,0.9,0,0,0
2014-06-30 22:58:10.914,0.4962117672,0.596283257,0.9,0,0,0
2014-06-30 22:59:49.476,0.4962117672,0.596283257,0.9,0,0,0
2014-06-30 23:01:23.421,0.4962117672,0.596283257,0.9,0,0,0
2014-06-30 23:06:23.757,0.4962117672,0.596283257,0.9,0,0,0
2014-06-30 23:08:02.328,0.4962117672,0.596283257,0.9,0,0,0
2014-06-30 23:09:40.890,0.4962117672,0.596283257,0.9,0,0,0
2014-06-30 23:11:19.460,0.4962117672,0.596283257,0.9,0,0,0
2014-06-30 23:12:58.031,0.4962117672,0.596283257,0.9,0,0,0
2014-06-30 23:14:36.601,0.4962117672,0.596283257,0.9,0,0,0
