catalog_event_id,begin,end,origin,duration_hours,nearest_other_catalog_gap_hours,isolated_at_48_hours,lstm_static_catalog_coverage,lstm_saocp_catalog_coverage,lstm_coverage_gain,lstm_unrelated_events_in_display,cnn_lstm_static_catalog_coverage,cnn_lstm_saocp_catalog_coverage,cnn_lstm_coverage_gain,cnn_lstm_unrelated_events_in_display,unet_static_catalog_coverage,unet_saocp_catalog_coverage,unet_coverage_gain,unet_unrelated_events_in_display,runet_static_catalog_coverage,runet_saocp_catalog_coverage,runet_coverage_gain,runet_unrelated_events_in_display,minimum_saocp_catalog_coverage,minimum_coverage_gain,mean_coverage_gain,all_saocp_coverages_at_least_0_5,all_saocp_coverages_improve,unrelated_display_events_total,clean_fixed_12h_display,eligible_before_display_filter,eligible,selection_rank,selected
1,2010-01-01 22:04:00,2010-01-03 09:07:00,Chinchilla,35.05,854.2333333,True,0.567759106,0.6454108813,0.07765177524,0,0.9267419559,0.1340105643,-0.7927313917,0,0,0.4580294183,0.4580294183,0,0,0.4275395863,0.4275395863,0,0.1340105643,-0.7927313917,0.04262234704,False,False,0,True,False,False,,False
2,2010-02-07 23:21:00,2010-02-09 06:36:00,Chinchilla,31.25,54.4,True,0.7548500622,0.3080280178,-0.4468220444,0,0.8249123822,0.5053469778,-0.3195654044,0,0.7372452711,0.5311573422,-0.2060879289,0,0.7098818756,0.8153016,0.1054197244,0,0.3080280178,-0.4468220444,-0.2167639133,False,False,0,True,False,False,,False
3,2010-02-11 13:00:00,2010-02-13 03:55:00,FP,38.91666667,18.08333333,False,0.2306124483,0.3791307566,0.1485183084,0,0.9540892434,0.375638444,-0.5784507994,0,0.1549434047,0.8346886724,0.6797452677,0,0,0.3110072091,0.3110072091,0,0.3110072091,-0.5784507994,0.1402049964,False,False,0,True,False,False,,False
4,2010-02-13 22:00:00,2010-02-15 17:30:00,FP,43.5,10.11666667,False,0,0.3463898467,0.3463898467,0,0.9484137612,0.825156539,-0.1232572222,0,0.9490396871,0.7221491507,-0.2268905364,0,0,0.1394841188,0.1394841188,0,0.1394841188,-0.2268905364,0.03393155172,False,False,0,True,False,False,,False
5,2010-02-16 03:37:00,2010-02-16 11:31:00,FP,7.9,10.11666667,False,0,0,0,1,0.5727071378,0,-0.5727071378,1,0,0,0,1,0,0,0,0,0,-0.5727071378,-0.1431767845,False,False,3,False,False,False,,False
6,2010-02-18 15:00:00,2010-02-22 02:30:00,FP,83.5,10.5,False,0.3684931637,0.4838284897,0.115335326,1,0.493903513,0.4971467365,0.003243223553,0,0.1423895542,0.493243992,0.3508544378,0,0.2017761078,0.4757376813,0.2739615735,0,0.4757376813,0.003243223553,0.1858486402,False,True,1,False,False,False,,False
7,2010-02-22 13:00:00,2010-02-22 22:00:00,RC,9,10.5,False,0,0,0,1,0.2359449691,0,-0.2359449691,2,0,0.1542370988,0.1542370988,1,0,0.2753274691,0.2753274691,0,0,-0.2359449691,0.04840489969,False,False,4,False,False,False,,False
8,2010-03-08 06:24:00,2010-03-10 08:04:00,FP,49.66666667,320.4,True,0.3091641555,0.9236027181,0.6144385626,0,1,0.991945783,-0.008054217002,0,0.2753678412,0.7971234899,0.5217556488,0,0,0.7960445749,0.7960445749,0,0.7960445749,-0.008054217002,0.4810461423,True,False,0,True,False,False,,False
9,2010-03-23 22:29:00,2010-03-24 16:49:00,Chinchilla,18.33333333,282.1666667,True,0,0,0,0,0,0.3604599394,0.3604599394,0,0,0.1525410758,0.1525410758,0,0,0,0,0,0,0,0.1282502538,False,False,0,True,False,False,,False
10,2010-04-05 10:59:00,2010-04-06 17:07:00,Chinchilla,30.13333333,74,True,0.8682930863,0.9017143529,0.03342126659,0,0.9331953171,0.8635473912,-0.06964792588,0,0.8129924871,0.9198346239,0.1068421368,0,0.8930894912,0.9989647032,0.105875212,0,0.8635473912,-0.06964792588,0.04412267238,True,False,0,True,False,False,,False
11,2010-04-09 19:07:00,2010-04-10 10:25:00,Chi,15.3,34.48333333,False,0,0.6129440632,0.6129440632,0,0,0.2241474401,0.2241474401,0,0,0.6187123094,0.6187123094,0,0,0,0,0,0,0,0.3639509532,False,False,0,True,False,False,,False
12,2010-04-11 20:54:00,2010-04-12 14:45:00,Chinchilla,17.85,4.35,False,0.8779992219,0.925138531,0.04713930906,0,0.8566637877,0.8916825397,0.03501875195,0,0.8202268596,0.8779992219,0.05777236228,0,0.5367153595,0.9055914099,0.3688760504,0,0.8779992219,0.03501875195,0.1272016184,True,True,0,True,False,False,,False
13,2010-04-12 19:06:00,2010-04-12 22:59:00,FP,3.883333333,4.35,False,0,0,0,2,0,0,0,2,0,0,0,2,0,0,0,2,0,0,0,False,False,8,False,False,False,,False
14,2010-04-22 06:13:00,2010-04-22 15:50:00,FP,9.616666667,122.75,True,0,0.175348989,0.175348989,2,1,0.04519740035,-0.9548025997,0,0,0.04519740035,0.04519740035,1,0,0,0,0,0,-0.9548025997,-0.1835640526,False,False,3,False,False,False,,False
15,2010-04-27 18:35:00,2010-04-28 19:44:00,FP,25.15,8.316666667,False,0.07662385686,0.297829799,0.2212059421,1,0.9254667329,0.9244008284,-0.001065904573,0,0,0,0,1,0,0.08539710625,0.08539710625,0,0,-0.001065904573,0.07638428595,False,False,2,False,False,False,,False
16,2010-04-29 04:03:00,2010-04-29 09:03:00,FP,5,8.316666667,False,0.7416551111,0,-0.7416551111,0,0.9968989444,0,-0.9968989444,1,0,0,0,1,0,0,0,0,0,-0.9968989444,-0.4346385139,False,False,2,False,False,False,,False
17,2010-04-30 06:09:00,2010-05-01 07:12:00,Chi,25.05,21.1,False,0,0.7216883566,0.7216883566,0,0,0.2526541694,0.2526541694,0,0,0,0,0,0,0.06565232868,0.06565232868,0,0,0,0.2599987137,False,False,0,True,False,False,,False
18,2010-05-18 02:23:00,2010-05-19 09:00:00,Chinchilla,30.61666667,226.2,True,0.1118591091,0.1588901923,0.04703108329,0,0.2274806024,0.4499701597,0.2224895572,0,0.1349799401,0.8754406641,0.740460724,0,0.05509084558,0.1136453547,0.05855450916,0,0.1136453547,0.04703108329,0.2671339684,False,True,0,True,False,False,,False
19,2010-05-28 19:12:00,2010-05-29 16:55:00,Chinchilla,21.71666667,200.0833333,True,0.980407892,0.9728736889,-0.007534203121,0,0.8209972116,0.9741276541,0.1531304426,0,0.9579439627,0.9666821566,0.008738193911,0,0.7461015861,0.9979866206,0.2518850345,0,0.9666821566,-0.007534203121,0.101554867,True,False,0,True,False,False,,False
20,2010-06-07 01:00:00,2010-06-07 15:00:00,FP,14,200.0833333,True,0,0,0,0,0.4664047421,0.5460949405,0.07969019841,0,0,0.1574608532,0.1574608532,0,0,0.5441490675,0.5441490675,0,0,0,0.1953250298,False,False,0,True,False,False,,False
21,2010-06-21 07:39:00,2010-06-22 13:33:00,Chinchilla,29.9,328.65,True,0.5585290784,0.6430878484,0.08455876997,0,0.7546826644,0.4977090301,-0.2569736343,0,0.3431668153,0.6130892048,0.2699223894,0,0.37949712,0.4995875232,0.1200904032,0,0.4977090301,-0.2569736343,0.05439948207,False,False,0,True,False,False,,False
22,2010-07-14 21:53:00,2010-07-16 06:05:00,FP,32.2,174.3333333,True,0,0.2788442805,0.2788442805,0,0.04145308834,0,-0.04145308834,0,0,0.04218454106,0.04218454106,0,0,0.1511012336,0.1511012336,0,0,-0.04145308834,0.1076692417,False,False,0,True,False,False,,False
23,2010-07-23 12:25:00,2010-07-23 17:15:00,FP,4.833333333,4.016666667,False,0.5089366092,0,-0.5089366092,1,0.5820981609,0.3238077011,-0.2582904598,0,0.5202045402,1,0.4797954598,0,0.3201681609,0,-0.3201681609,1,0,-0.5089366092,-0.1518999425,False,False,2,False,False,False,,False
24,2010-07-23 21:16:00,2010-07-24 08:38:00,FP,11.36666667,4.016666667,False,0,0.7935402004,0.7935402004,1,0.9998471652,1,0.0001528347996,0,0.7994316716,1,0.2005683284,0,0,0.41296652,0.41296652,1,0.41296652,0.0001528347996,0.3518069709,False,True,2,False,False,False,,False
25,2010-08-04 04:00:00,2010-08-05 09:10:00,Chinchilla,29.16666667,73.2,True,0.6739899714,0.5426732762,-0.1313166952,0,0.6951985619,0.6644995429,-0.03069901905,0,0.4850132571,0.8267415333,0.3417282762,0,0.645980619,0.4411461048,-0.2048345143,0,0.4411461048,-0.2048345143,-0.006280488095,False,False,0,True,False,False,,False
26,2010-08-08 10:22:00,2010-08-08 22:47:00,FP,12.41666667,73.2,True,0.1193619687,0,-0.1193619687,0,0.3993803132,0,-0.3993803132,1,0.1335412975,0,-0.1335412975,0,0,0,0,0,0,-0.3993803132,-0.1630708949,False,False,1,False,False,False,,False
27,2010-09-01 03:23:00,2010-09-02 01:14:00,FP,21.85,312.9333333,True,0,0.2604880371,0.2604880371,0,0.1169327613,0,-0.1169327613,0,0.1107385202,0.5219704424,0.4112319222,0,0.07345437325,0.3907630308,0.3173086575,0,0,-0.1169327613,0.2180239639,False,False,0,True,False,False,,False
28,2010-09-15 02:10:00,2010-09-16 11:59:00,Chinchilla,33.81666667,221.2166667,True,0.2593311073,0.8188789305,0.5595478232,0,0.2884548135,0.2133778462,-0.07507696731,0,0.1296999096,0.9339663381,0.8042664285,0,0.08218167406,0.1433310087,0.06114933465,0,0.1433310087,-0.07507696731,0.3374716548,False,False,0,True,False,False,,False
29,2010-09-25 17:12:00,2010-09-26 07:57:00,Chinchilla,14.75,221.2166667,True,0,0.4647413748,0.4647413748,0,0,0,0,1,0,0.2304158569,0.2304158569,0,0,0.1790068173,0.1790068173,0,0,0,0.2185410122,False,False,1,False,False,False,,False
30,2010-10-11 05:26:00,2010-10-11 19:00:00,Chinchilla,13.56666667,125.9666667,True,0.2122762899,0.6271697174,0.4148934275,0,0.2162607699,0.2102340704,-0.006026699427,0,0.1882408681,0.2785696151,0.09032874693,0,0.1301396396,0,-0.1301396396,0,0,-0.1301396396,0.09226395885,False,False,0,True,False,False,,False
31,2010-10-17 00:58:00,2010-10-17 13:24:00,FP,12.43333333,125.9666667,True,0.2477437891,0,-0.2477437891,0,0.6261663986,0,-0.6261663986,0,0.2035068365,0,-0.2035068365,0,0,0,0,0,0,-0.6261663986,-0.269354256,False,False,0,True,False,False,,False
32,2010-10-31 05:46:00,2010-11-01 20:38:00,Chinchilla,38.86666667,159.3166667,True,0.8417354488,1,0.1582645512,0,0.995103452,0.9986727344,0.003569282447,0,0.8403555317,0.675402966,-0.1649525658,0,0.1725955546,0.9916745354,0.8190789808,0,0.675402966,-0.1649525658,0.2039900622,True,False,0,True,False,False,,False
33,2010-11-08 11:57:00,2010-11-09 03:12:00,FP,15.25,159.3166667,True,0.1660386703,0.8730959199,0.7070572495,0,0.1445995446,0.7052887432,0.5606891985,0,0,0.7094542623,0.7094542623,0,0,0.3305377596,0.3305377596,0,0.3305377596,0.3305377596,0.5769346175,False,True,0,True,False,False,,False
34,2010-11-17 12:04:00,2010-11-18 06:54:00,FP,18.83333333,200.8666667,True,0.5610220796,0.1157626106,-0.445259469,0,0.4598849115,0.4424335398,-0.01745137168,0,0.08675974926,0.7620314159,0.6752716667,0,0.0838210472,0.4395525959,0.3557315487,0,0.1157626106,-0.445259469,0.1420730937,False,False,0,True,False,False,,False
35,2010-11-27 21:07:00,2010-11-27 23:50:00,FP,2.716666667,230.2166667,True,0.8950392638,0,-0.8950392638,0,0.8549199387,0,-0.8549199387,0,0.7542297546,0,-0.7542297546,0,0.7542297546,0,-0.7542297546,0,0,-0.8950392638,-0.8146046779,False,False,0,True,False,False,,False
36,2010-12-19 22:37:00,2010-12-20 20:57:00,Chinchilla,22.33333333,175.2166667,True,0.1135415796,0.9921984826,0.878656903,0,0.6504538308,0.1342164677,-0.5162373632,0,0,1,1,0,0,0.1025614801,0.1025614801,0,0.1025614801,-0.5162373632,0.366245255,False,False,0,True,False,False,,False
37,2010-12-28 04:10:00,2010-12-28 16:55:00,Turc,12.75,105.7,True,0.4101708061,0.42317878,0.01300797386,0,0.4123079303,0,-0.4123079303,0,0.2007880392,0.5576005447,0.3568125054,0,0.1816534858,0,-0.1816534858,0,0,-0.4123079303,-0.0560352342,False,False,0,True,False,False,,False
38,2011-01-02 02:37:00,2011-01-02 06:00:00,FP,3.383333333,105.7,True,0,0,0,0,0,0.6921743021,0.6921743021,0,0,0,0,0,0,0,0,0,0,0,0.1730435755,False,False,0,True,False,False,,False
39,2011-01-24 10:26:00,2011-01-25 22:04:00,Chinchilla,35.63333333,227.1333333,True,0.2662263798,0.4757589882,0.2095326084,0,0.4672701278,0.3004755535,-0.1667945744,0,0.3028950343,0.5108990723,0.208004038,0,0.04517439975,0.4704181868,0.425243787,0,0.3004755535,-0.1667945744,0.1689964648,False,False,0,True,False,False,,False
40,2011-02-04 09:12:00,2011-02-04 18:32:00,FP,9.333333333,227.1333333,True,0,0,0,0,0,0,0,0,0,0,0,0,0,0,0,0,0,0,0,False,False,0,True,False,False,,False
41,2011-02-18 04:21:00,2011-02-18 09:29:00,FP,5.133333333,10.43333333,False,0.9953438853,0.989205303,-0.006138582251,0,1,0,-1,0,0.9688912338,1,0.03110876623,0,1,0,-1,1,0,-1,-0.493757454,False,False,1,False,False,False,,False
42,2011-02-18 19:55:00,2011-02-20 22:00:00,Chinchilla,50.08333333,10.43333333,False,0.6927726012,0.8889673877,0.1961947865,0,0.8819282085,0.8499276151,-0.03200059346,0,0.6857447532,0.8737784193,0.1880336661,0,0.324408558,0.7112622185,0.3868536606,0,0.7112622185,-0.03200059346,0.1847703799,True,False,0,True,False,False,,False
43,2011-03-10 07:36:00,2011-03-11 15:59:00,FP,32.38333333,85.71666667,True,0.2682955138,0.04708746783,-0.221208046,0,0.04385922971,0,-0.04385922971,0,0.05885570424,0.7485994081,0.6897437039,0,0,0,0,0,0,-0.221208046,0.1061691071,False,False,0,True,False,False,,False
44,2011-03-15 05:42:00,2011-03-17 13:00:00,FP,55.3,13.63333333,False,0.2737223578,0.7369894113,0.4632670534,0,0.8143209564,0.4947914909,-0.3195294655,0,0.05023158027,0.8768060629,0.8265744826,0,0.03003792948,0.3027744424,0.272736513,0,0.3027744424,-0.3195294655,0.3107621459,False,False,0,True,False,False,,False
45,2011-03-18 02:38:00,2011-03-19 12:00:00,FP,33.36666667,13.63333333,False,0.05056299534,0,-0.05056299534,0,0.04892266067,0.04400207293,-0.004920587746,0,0,0.07753959374,0.07753959374,1,0,0,0,0,0,-0.05056299534,0.005514002664,False,False,1,False,False,False,,False
46,2011-03-30 00:34:00,2011-04-01 15:00:00,Chinchilla,62.43333333,195,True,0.8599842677,0.9589207021,0.09893643442,0,0.9249684552,1,0.07503154476,0,0.9219407813,0.8612224907,-0.06071829062,0,0.3895511301,0.9044656256,0.5149144955,0,0.8612224907,-0.06071829062,0.157041046,True,False,0,True,False,False,,False
47,2011-04-09 18:00:00,2011-04-10 16:00:00,FP,22,195,True,0,0,0,0,0,0,0,0,0,0,0,0,0,0,0,0,0,0,0,False,False,0,True,False,False,,False
48,2011-04-23 00:43:00,2011-04-24 15:40:00,Chinchilla,38.95,118.3,True,0.7278378691,0.7998881971,0.07205032806,0,0.7915132934,0.9558061332,0.1642928398,0,0.3090297818,0.9997950364,0.6907652546,0,0.3229624804,0.99495639,0.6719939096,0,0.7998881971,0.07205032806,0.399775583,True,True,0,True,True,True,3,False
49,2011-04-29 13:58:00,2011-04-29 21:53:00,Chinchilla,7.916666667,118.3,True,0,0.182592386,0.182592386,0,0.2064717544,0.2203464912,0.01387473684,0,0,0.2203970526,0.2203970526,0,0,0,0,0,0,0,0.1042160439,False,False,0,True,False,False,,False
50,2011-05-28 05:34:00,2011-05-28 22:53:00,Chinchilla,17.31666667,169.7,True,0.9590242541,0.9956229868,0.03659873276,0,0.9480224415,0.8306388515,-0.11738359,0,0.9324687039,0.9411737729,0.008705068977,0,0.943301572,0.9993509625,0.05604939044,0,0.8306388515,-0.11738359,-0.004007599455,True,False,0,True,False,False,,False
51,2011-06-05 00:35:00,2011-06-05 18:14:00,Chinchilla,17.65,169.7,True,0.8820665093,0.9160635505,0.03399704123,0,0.8790298552,0.9453067989,0.06627694366,0,0.1603716242,0.8635640856,0.7031924614,0,0.8468249134,0.1864253069,-0.6603996065,0,0.1864253069,-0.6603996065,0.03576670995,False,False,0,True,False,False,,False
52,2011-06-17 05:16:00,2011-06-19 07:12:00,Chinchilla,49.93333333,275.0333333,True,0.06751456386,0.03266227748,-0.03485228638,0,0.05825452826,0.05880121829,0.0005466900312,0,0,0.1933961226,0.1933961226,0,0,0,0,0,0,-0.03485228638,0.03977263156,False,False,0,True,False,False,,False
53,2011-06-30 18:43:00,2011-07-01 05:26:00,Chinchilla,10.71666667,61.43333333,True,0.3368109124,0.4943368585,0.1575259461,0,0.3393129082,0.3393129082,0,0,0.333129212,0.4435582685,0.1104290565,0,0,0.175603888,0.175603888,0,0.175603888,0,0.1108897227,False,False,0,True,False,False,,False
54,2011-07-03 18:52:00,2011-07-04 18:54:00,Chinchilla,24.03333333,61.43333333,True,0.6046424873,0.3574384998,-0.2472039875,0,1,0.8555645631,-0.1444354369,0,0.1460828941,0.914575208,0.7684923139,0,0.1393509824,0.5611585761,0.4218075936,0,0.3574384998,-0.2472039875,0.1996651208,False,False,0,True,False,False,,False
55,2011-07-15 07:44:00,2011-07-16 09:44:00,FP,26,47.3,False,0.4221297329,0.5078049679,0.08567523504,0,0.4556504487,0,-0.4556504487,0,0.2515275214,0.6408578739,0.3893303526,0,0.4200336325,0.7787673291,0.3587336966,0,0,-0.4556504487,0.09452220887,False,False,0,True,False,False,,False
56,2011-07-18 09:02:00,2011-07-19 08:00:00,FP,22.96666667,47.3,False,0.2182506168,0.910102298,0.6918516812,0,0.2475967223,0.4622715167,0.2146747944,0,0,0.6644791485,0.6644791485,0,0,0.459769255,0.459769255,0,0.459769255,0.2146747944,0.5076937198,False,True,0,True,False,False,,False
57,2011-08-05 05:24:00,2011-08-05 13:31:00,FP,8.116666667,34.48333333,False,0,0.284255373,0.284255373,1,0.6709282341,0.5727621492,-0.09816608487,0,0,0.2182033539,0.2182033539,0,0,0.5828879192,0.5828879192,0,0.2182033539,-0.09816608487,0.2467951403,False,False,1,False,False,False,,False
58,2011-08-07 00:00:00,2011-08-07 23:00:00,FP,23,34.48333333,False,0.810527814,0.4143556159,-0.3961721981,0,0.810527814,0.5540223551,-0.2565054589,0,0.1076733696,1,0.8923266304,0,0.9764506884,1,0.02354931159,0,0.4143556159,-0.3961721981,0.06579957126,False,False,0,True,False,False,,False
59,2011-09-16 19:00:00,2011-09-17 03:00:00,RC,8,12.71666667,False,0,0,0,0,0,0,0,1,0,0,0,0,0,0,0,0,0,0,0,False,False,1,False,False,False,,False
60,2011-09-17 15:43:00,2011-09-18 21:00:00,Chinchilla,29.28333333,12.71666667,False,0.9920737431,0.2717935306,-0.7202802125,0,0.9780250237,0.1432840258,-0.8347409979,0,0.9472202618,0.797527528,-0.1496927338,0,0.9593807721,0.8196894043,-0.1396913679,0,0.1432840258,-0.8347409979,-0.461101328,False,False,0,True,False,False,,False
61,2011-09-25 10:56:00,2011-09-25 21:00:00,FP,10.06666667,18.75,False,0,0.1597871689,0.1597871689,0,0.2596894316,0.2596894316,0,0,0,0,0,0,0,0,0,0,0,0,0.03994679222,False,False,0,True,False,False,,False
62,2011-09-26 15:45:00,2011-09-27 17:37:00,FP,25.86666667,18.75,False,0.9513880799,0.9521366087,0.0007485287801,0,1,0.254192558,-0.745807442,0,0.05571381014,0.261550247,0.2058364369,0,0.9760175902,0.2452037693,-0.7308138209,0,0.2452037693,-0.745807442,-0.3175090743,False,False,0,True,False,False,,False
63,2011-10-05 09:43:00,2011-10-07 12:48:00,Chinchilla,51.08333333,184.1,True,0.2756233823,0.7845416911,0.5089183089,0,0.7527927841,0.7842701251,0.03147734095,0,0.174827814,0.3533075041,0.17847969,0,0.1364692333,0.2939843883,0.157515155,0,0.2939843883,0.03147734095,0.2190976237,False,True,0,True,False,False,,False
64,2011-10-22 21:33:00,2011-10-23 14:55:00,Chi,17.36666667,31.08333333,False,0,0,0,0,0.8720848049,0.2040175944,-0.6680672105,1,0.6787979687,0.4484443378,-0.2303536308,0,0,0,0,0,0,-0.6680672105,-0.2246052103,False,False,1,False,False,False,,False
65,2011-10-24 22:00:00,2011-10-25 23:31:00,Chinchilla,25.51666667,31.08333333,False,0.8974601568,0.8993706401,0.001910483344,0,0.900495602,0.7362418027,-0.1642537993,0,0.8473214892,0.8986980732,0.05137658393,0,0.8975107555,0.8953388853,-0.002171870237,0,0.7362418027,-0.1642537993,-0.02828465056,True,False,0,True,False,False,,False
66,2011-10-28 23:45:00,2011-10-29 13:12:00,Chi,13.45,35.76666667,False,0,0,0,0,0,0.7815261462,0.7815261462,0,0,0.5906099133,0.5906099133,0,0,0,0,0,0,0,0.3430340149,False,False,0,True,False,False,,False
67,2011-10-31 00:58:00,2011-11-01 20:23:00,Chinchilla,43.41666667,8.533333333,False,0.1693359117,0.5030718618,0.3337359501,0,0.09031789507,0.1279148688,0.03759697377,0,0.06460572617,0.559581286,0.4949755598,0,0.0445262508,0.1405484453,0.0960221945,0,0.1279148688,0.03759697377,0.2405826695,False,True,0,True,False,False,,False
68,2011-11-02 04:55:00,2011-11-03 04:25:00,Chinchilla,23.5,8.533333333,False,0.2107314303,0.7418918676,0.5311604374,2,0.6653757565,0.6376367612,-0.02773899527,1,0,0.246843487,0.246843487,1,0,0.6712477896,0.6712477896,1,0.246843487,-0.02773899527,0.3553781797,False,False,5,False,False,False,,False
69,2011-11-04 20:27:00,2011-11-06 10:20:00,Chinchilla,37.88333333,30.3,False,0.0416985775,0.1107637117,0.06906513418,0,0.1189932981,0.0416985775,-0.07729472063,0,0,0.3496004106,0.3496004106,0,0,0,0,0,0,-0.07729472063,0.08534270604,False,False,0,True,False,False,,False
70,2011-11-07 16:38:00,2011-11-07 22:38:00,Chi,6,30.3,False,1,0,-1,0,0.9962399074,0,-0.9962399074,0,0.9411577778,0,-0.9411577778,0,0.9684468981,0,-0.9684468981,0,0,-1,-0.9764611458,False,False,0,True,False,False,,False
71,2011-11-11 08:30:00,2011-11-12 05:02:00,Chinchilla,20.53333333,9.966666667,False,0,0,0,0,0,0,0,0,0,0,0,0,0,0,0,0,0,0,0,False,False,0,True,False,False,,False
72,2011-11-12 15:00:00,2011-11-14 23:00:00,FP,56,9.966666667,False,0,0.8341868155,0.8341868155,0,0.04330336806,0.1016496925,0.0583463244,0,0,0.06759505952,0.06759505952,0,0,0.06565948909,0.06565948909,0,0.06565948909,0.0583463244,0.2564469221,False,True,0,True,False,False,,False
73,2011-11-29 01:50:00,2011-11-29 07:43:00,Chi,5.883333333,11.58333333,False,0.8562456091,0.9414430123,0.08519740321,0,0.7142642587,0,-0.7142642587,1,0.2399959396,0.3980016053,0.1580056657,1,0,0,0,0,0,-0.7142642587,-0.1177652975,False,False,2,False,False,False,,False
74,2011-11-29 19:18:00,2011-11-30 17:59:00,Chinchilla,22.68333333,11.58333333,False,0.6193709037,0.9994003306,0.3800294269,0,0.935292677,0.9918551433,0.05656246632,0,0.2953238305,0.9474258266,0.6521019961,0,0.1009265736,0.9245110703,0.8235844967,0,0.9245110703,0.05656246632,0.4780695965,True,True,0,True,False,False,,False
75,2011-12-29 22:00:00,2011-12-30 09:00:00,FP,11,80.81666667,True,0.6265024495,0.8893430051,0.2628405556,1,0.7209293182,0.7754291667,0.05449984848,1,0.6340552525,0.8793284091,0.2452731566,0,0.3071849747,0.6464138131,0.3392288384,0,0.6464138131,0.05449984848,0.2254605997,True,True,2,False,True,False,,False
76,2012-01-02 17:49:00,2012-01-04 08:24:00,FP,38.58333333,80.81666667,True,0.2347654572,0,-0.2347654572,0,0.1881003816,0.04165223182,-0.1464481497,0,0.03384651548,0.0437837437,0.009937228222,0,0,0,0,0,0,-0.2347654572,-0.09281909467,False,False,0,True,False,False,,False
77,2012-01-21 04:02:00,2012-01-22 05:34:00,Chinchilla,25.53333333,6.116666667,False,0.3482731288,0.7964298629,0.4481567341,0,0.9991219539,0.9991219539,0,0,0.3318947019,0.9913781767,0.6594834748,0,0.3180025131,0.2831715187,-0.03483099434,0,0.2831715187,-0.03483099434,0.2682023036,False,False,0,True,False,False,,False
78,2012-01-22 11:41:00,2012-01-24 14:38:00,Chinchilla,50.95,6.116666667,False,0.9990656253,0.6769187275,-0.3221468978,1,0.9964058282,0.602033715,-0.3943721132,1,0.7086134555,0.7535241195,0.04491066405,2,0.7310804002,0.6566834424,-0.0743969578,2,0.602033715,-0.3943721132,-0.1865013262,True,False,6,False,False,False,,False
79,2012-02-14 20:52:00,2012-02-16 06:20:00,Chinchilla,33.46666667,24.98333333,False,0.7686063662,0.6422071215,-0.1263992447,0,0.9280885956,0.7955467546,-0.132541841,1,0.5941253569,0.7506343127,0.1565089558,0,0.5338752407,0.7971637533,0.2632885126,0,0.6422071215,-0.132541841,0.0402140957,True,False,1,False,False,False,,False
80,2012-02-17 07:19:00,2012-02-17 23:51:00,FP,16.53333333,24.98333333,False,0,0.4307363239,0.4307363239,0,0.5839556956,0.6874659442,0.1035102487,0,0.1007046875,0.6385778394,0.5378731519,0,0,0.5924072917,0.5924072917,0,0.4307363239,0.1035102487,0.416131754,False,True,0,True,False,False,,False
81,2012-02-27 17:59:00,2012-03-01 05:45:00,Chinchilla,59.76666667,39.46666667,False,0.3465725135,0.7820558329,0.4354833194,0,0.8978318832,0.4312149191,-0.4666169641,0,0.3385828407,0.9242187256,0.5856358849,0,0.3440655512,0.8986281279,0.5545625767,0,0.4312149191,-0.4666169641,0.2772662042,False,False,0,True,False,False,,False
82,2012-03-02 21:13:00,2012-03-04 01:32:00,FP,28.31666667,39.46666667,False,0.05681995291,0.9859656268,0.9291456739,0,0.9784276535,0.8934608005,-0.08496685305,0,0.2292488425,0.9973966157,0.7681477732,0,0,1,1,0,0.8934608005,-0.08496685305,0.6530816485,True,False,0,True,False,False,,False
83,2012-03-06 06:30:00,2012-03-06 13:26:00,Chi,6.933333333,52.96666667,True,1,0,-1,0,1,0,-1,0,1,0,-1,0,1,0.4076298878,-0.5923701122,0,0,-1,-0.898092528,False,False,0,True,False,False,,False
84,2012-03-09 04:33:00,2012-03-11 12:32:00,Chinchilla,55.98333333,32.46666667,False,0.755360132,0.6634152873,-0.0919448447,0,0.7538419768,0.7305872184,-0.02325475836,0,0.4070499107,0.7169554679,0.3099055572,0,0.4080237868,0.5913674258,0.183343639,0,0.5913674258,-0.0919448447,0.09451239828,True,False,0,True,False,False,,False
85,2012-03-12 21:00:00,2012-03-15 07:07:00,Chinchilla,58.11666667,8.95,False,0.2650034366,0.9192005162,0.6541970796,1,1,0.8730104197,-0.1269895803,0,0.1488708441,0.9988078147,0.8499369707,0,0.2541359335,0.3904938677,0.1363579342,1,0.3904938677,-0.1269895803,0.378375601,False,False,2,False,False,False,,False
86,2012-03-15 16:04:00,2012-03-16 14:10:00,Chinchilla,22.1,8.95,False,0.7439363751,0.4129734666,-0.3309629085,1,0.8625377954,0.3276285319,-0.5349092634,1,0.373556272,0.5452627702,0.1717064982,1,0.8422456259,0.9044906611,0.06224503519,0,0.3276285319,-0.5349092634,-0.1579801596,False,False,3,False,False,False,,False
87,2012-04-04 20:00:00,2012-04-05 07:00:00,FP,11,6.833333333,False,0.5079799495,0.9143823232,0.4064023737,0,0.9936716919,0.9910375253,-0.002634166667,0,0.9934780303,0.9985900253,0.005111994949,0,0.3323190657,0.9936716919,0.6613526263,0,0.9143823232,-0.002634166667,0.2675582071,True,False,0,True,False,False,,False
88,2012-04-05 13:50:00,2012-04-06 22:33:00,Chinchilla,32.71666667,6.833333333,False,0.8648793683,0.6782165818,-0.1866627866,1,0.9357461963,0.9557759297,0.0200297334,0,0.05997134488,0.9374637799,0.877492435,1,0.08184857361,0.2584381983,0.1765896247,0,0.2584381983,-0.1866627866,0.2218622517,False,False,2,False,False,False,,False
89,2012-04-11 06:20:00,2012-04-12 03:57:00,Chinchilla,21.61666667,103.7833333,True,0,0.2913882292,0.2913882292,1,0.7794290928,0.9899547417,0.2105256489,0,0,0.1148309432,0.1148309432,0,0,0.0770654716,0.0770654716,0,0.0770654716,0.0770654716,0.1734525732,False,True,1,False,False,False,,False
90,2012-04-23 16:48:00,2012-04-24 02:52:00,Chinchilla,10.06666667,48.03333333,True,1,0,-1,0,1,0.1516052428,-0.8483947572,0,0.9659671909,0.3490008554,-0.6169663355,0,0.6299860651,0,-0.6299860651,0,0,-1,-0.7738367895,False,False,0,True,False,False,,False
91,2012-04-26 02:54:00,2012-04-27 20:58:00,FP,42.06666667,48.03333333,True,0.7449807581,0.6126871104,-0.1322936476,0,0.4799058175,0.5426911054,0.0627852879,0,0.3834548996,0.896985902,0.5135310024,0,0.4450928883,0.6741653328,0.2290724445,1,0.5426911054,-0.1322936476,0.1682737718,True,False,1,False,False,False,,False
92,2012-05-04 03:23:00,2012-05-05 11:30:00,Chinchilla,32.11666667,150.4166667,True,0.1799583117,0.455854878,0.2758965663,0,0.768318777,0.9533490227,0.1850302456,0,0,0.7589856859,0.7589856859,0,0,0.4498552846,0.4498552846,0,0.4498552846,0.1850302456,0.4174419456,False,True,0,True,False,False,,False
93,2012-05-16 16:04:00,2012-05-18 02:11:00,Chinchilla,34.11666667,268.5666667,True,0.8772732373,0.8279537697,-0.04931946751,0,0.9716062368,0.8558839358,-0.1157223009,0,0.7934319818,0.9782309803,0.1847989985,0,0.784612042,1,0.215387958,0,0.8279537697,-0.1157223009,0.05878629702,True,False,0,True,False,False,,False
94,2012-05-31 19:49:00,2012-06-02 12:57:00,FP,41.13333333,3.433333333,False,0.6242293287,0.7123633441,0.0881340154,1,0.9229369327,0.6434360954,-0.2795008374,0,0.8222140735,0.8228771272,0.0006630537547,0,0.5652485346,0.7097111764,0.1444626418,0,0.6434360954,-0.2795008374,-0.0115602816,True,False,1,False,False,False,,False
95,2012-06-02 16:23:00,2012-06-04 04:49:00,FP,36.43333333,3.433333333,False,0.2962519366,0.7296331808,0.4333812443,2,0.518697728,0.2745419564,-0.2441557716,1,0.5104633044,0.5172239783,0.006760673986,0,0.1017606206,0.273009721,0.1712491003,1,0.273009721,-0.2441557716,0.09180881176,False,False,4,False,False,False,,False
96,2012-06-08 12:11:00,2012-06-10 15:28:00,FP,51.28333333,11.4,False,0.8576708753,0.3895272235,-0.4681436518,0,0.9437841241,0.7421609306,-0.2016231936,0,0.8921889124,0.6412668183,-0.250922094,1,0.6456780685,0.465493056,-0.1801850125,1,0.3895272235,-0.4681436518,-0.275218488,False,False,2,False,False,False,,False
97,2012-06-11 02:52:00,2012-06-12 05:16:00,Chinchilla,26.4,11.4,False,0.4327290088,0.9379012942,0.5051722854,0,0.6340159827,0.7066053241,0.07258934133,0,0.5328240425,0.5865652567,0.05374121423,0,0.3333679398,0.5370114162,0.2036434764,0,0.5370114162,0.05374121423,0.2087865793,True,True,0,True,False,False,,False
98,2012-06-16 22:10:00,2012-06-17 11:23:00,Chinchilla,13.21666667,9.033333333,False,0.990800042,0.747432955,-0.243367087,0,0.9989213955,0.7204744851,-0.2784469105,0,0.674624359,0.7035818411,0.02895748214,2,0.7015191887,0.5472388188,-0.1542803699,1,0.5472388188,-0.2784469105,-0.1617842213,True,False,3,False,False,False,,False
99,2012-06-17 20:25:00,2012-06-21 16:08:00,FP,91.71666667,9.033333333,False,0.1860120661,0.4842174026,0.2982053365,1,0.6029346993,0.5408102702,-0.0621244291,1,0.06088700709,0.4595266582,0.3986396511,0,0.1660728118,0.4128860833,0.2468132715,1,0.4128860833,-0.0621244291,0.2203834575,False,False,3,False,False,False,,False
100,2012-07-05 01:14:00,2012-07-05 10:11:00,Chi,8.95,3.933333333,False,1,0,-1,0,1,0.153372036,-0.846627964,0,1,0,-1,1,1,0,-1,1,0,-1,-0.961656991,False,False,2,False,False,False,,False
101,2012-07-05 14:07:00,2012-07-06 11:37:00,FP,21.5,3.933333333,False,1,0.509615646,-0.490384354,0,1,0.9877353747,-0.01226462532,0,0.6974097804,0.6856678682,-0.01174191214,1,0.5731858398,0.5615552326,-0.01163060724,1,0.509615646,-0.490384354,-0.1315053747,True,False,2,False,False,False,,False
102,2012-07-06 18:19:00,2012-07-07 19:44:00,FP,25.41666667,6.7,False,0.7078511257,0.4348265683,-0.2730245574,2,1,0.554128459,-0.445871541,1,0,0.7921375519,0.7921375519,1,0.6773907104,0.5773182514,-0.100072459,1,0.4348265683,-0.445871541,-0.006707751366,False,False,5,False,False,False,,False
103,2012-07-08 07:58:00,2012-07-10 01:42:00,Chinchilla,41.73333333,12.23333333,False,0.9463499002,0.5968072218,-0.3495426784,1,0.922180864,0.8658011448,-0.05637971912,0,0.7443901491,0.8573465588,0.1129564097,0,0.743716254,0.5713355165,-0.1723807375,1,0.5713355165,-0.3495426784,-0.1163366813,True,False,2,False,False,False,,False
104,2012-07-15 06:22:00,2012-07-17 04:00:00,Chinchilla,45.63333333,124.6666667,True,0.9907879657,0.9722740808,-0.01851388483,0,0.9907879657,0.9907879657,0,0,0.9684262905,0.9899883674,0.02156207694,0,0.9290517288,0.9797999209,0.05074819211,0,0.9722740808,-0.01851388483,0.01344909606,True,False,0,True,False,False,,False
105,2012-08-12 19:12:00,2012-08-13 06:54:00,Chinchilla,11.7,86.91666667,True,0.1350419991,0.7199660494,0.5849240503,0,0.4776539411,0.4847897911,0.007135849953,0,0.1398509972,0.4730611586,0.3332101614,0,0.135082811,0.4567830009,0.3217001899,0,0.4567830009,0.007135849953,0.3117425629,False,True,0,True,False,False,,False
106,2012-08-16 21:49:00,2012-08-18 03:38:00,Chi,29.81666667,15.66666667,False,0.1165037917,0.2268283771,0.1103245854,1,0.1430315633,0,-0.1430315633,1,0,0.2368334638,0.2368334638,2,0.1412020682,0.127136063,-0.01406600522,0,0,-0.1430315633,0.04751512018,False,False,4,False,False,False,,False
107,2012-08-18 19:18:00,2012-08-19 08:23:00,Chinchilla,13.08333333,15.66666667,False,0.9748396815,0.3417763482,-0.6330633333,0,0.9644653928,0.6792253928,-0.28524,0,0.9039119958,0.6853752442,-0.2185367516,0,0.5437847558,0.7916329087,0.2478481529,0,0.3417763482,-0.6330633333,-0.222247983,False,False,0,True,False,False,,False
108,2012-08-30 18:45:00,2012-08-31 05:13:00,Chinchilla,10.46666667,26.6,False,0,0.4841286359,0.4841286359,0,0,0,0,0,0,0.6353338376,0.6353338376,0,0,0.8437250265,0.8437250265,0,0,0,0.490796875,False,False,0,True,False,False,,False
109,2012-09-01 07:49:00,2012-09-03 11:23:00,Chinchilla,51.56666667,24.23333333,False,0.3265743374,0.9589851648,0.6324108274,0,0.8236472366,0.8580463585,0.03439912196,0,0.5609670922,0.9351786361,0.3742115438,0,0.05234797457,0.9462862961,0.8939383215,0,0.8580463585,0.03439912196,0.4837399537,True,True,0,True,False,False,,False
110,2012-09-04 11:37:00,2012-09-04 22:12:00,FP,10.58333333,7.666666667,False,0.98908979,0.9864096588,-0.002680131234,0,0.9967829396,0.9967829396,0,0,0.9943228346,1,0.005677165354,0,0.9967829396,0.9995981102,0.002815170604,0,0.9864096588,-0.002680131234,0.001453051181,True,False,0,True,False,False,,False
111,2012-09-05 05:52:00,2012-09-05 17:35:00,Chinchilla,11.71666667,7.666666667,False,1,0,-1,1,1,0.1748648886,-0.8251351114,1,1,1,0,0,1,1,0,0,0,-1,-0.4562837779,False,False,2,False,False,False,,False
112,2012-09-06 02:13:00,2012-09-06 15:50:00,Chinchilla,13.61666667,2.616666667,False,1,0.3767678703,-0.6232321297,0,1,1,0,0,1,1,0,0,0.7412891065,1,0.2587108935,0,0.3767678703,-0.6232321297,-0.09113030906,False,False,0,True,False,False,,False
113,2012-09-06 18:27:00,2012-09-06 23:06:00,Chi,4.65,2.616666667,False,0,0,0,2,1,0.9541194743,-0.04588052569,0,0.7782295102,0.8896780167,0.1114485066,0,0,0.8603494624,0.8603494624,1,0,-0.04588052569,0.2314793608,False,False,3,False,False,False,,False
114,2012-09-12 19:55:00,2012-09-13 15:32:00,Chinchilla,19.61666667,140.8166667,True,0,0,0,0,0,0,0,0,0,0,0,0,0,0,0,0,0,0,0,False,False,0,True,False,False,,False
115,2012-09-30 12:31:00,2012-10-02 02:28:00,Chinchilla,37.95,157.7333333,True,0.6157726468,0.9602823452,0.3445096984,0,0.6431078832,0.2205889401,-0.4225189431,0,0.5030462304,0.9247689723,0.4217227419,0,0.2614667911,0.161675011,-0.09979178012,0,0.161675011,-0.4225189431,0.06098042929,False,False,0,True,False,False,,False
116,2012-10-08 16:12:00,2012-10-09 17:29:00,Chinchilla,25.28333333,70.35,True,0.8667115579,0.9153526148,0.04864105691,0,0.8449801033,0.9022615579,0.05728145463,0,0.79113931,0.7986497583,0.007510448253,0,0.7997285871,0.7986497583,-0.001078828829,0,0.7986497583,-0.001078828829,0.02808853274,True,False,0,True,False,False,,False
117,2012-10-12 15:50:00,2012-10-13 09:38:00,Chinchilla,17.8,70.35,True,0.9313096286,0.3708619538,-0.5604476748,0,0.981906289,0.6769319132,-0.3049743758,0,0.9617418539,0.9951860019,0.03344414794,0,0.5083003277,0.6308198034,0.1225194757,0,0.3708619538,-0.5604476748,-0.1773646067,False,False,0,True,False,False,,False
118,2012-10-31 23:39:00,2012-11-02 13:36:00,FP,37.95,258.15,True,0.6360674279,0.7839629556,0.1478955277,0,0.9829180061,0.7834326892,-0.1994853169,0,0.7057105402,1,0.2942894598,0,0.6173554531,0.7102554531,0.0929,0,0.7102554531,-0.1994853169,0.08389991765,True,False,0,True,False,False,,False
119,2012-11-13 07:45:00,2012-11-14 08:12:00,Chinchilla,24.45,246.8,True,0.9320187798,0.6895291865,-0.2424895933,0,0.9909775733,0.6517234151,-0.3392541581,0,0.9208674619,0.9709402068,0.05007274483,0,0.9330662236,0.7814048966,-0.151661327,0,0.6517234151,-0.3392541581,-0.1708330834,True,False,0,True,False,False,,False
120,2012-11-24 15:00:00,2012-11-25 10:14:00,Chinchilla,19.23333333,34.45,False,0.3954384171,0.4289167533,0.03347833622,0,0.864204405,0.2774100376,-0.5867943674,0,0.6617644281,0.1274215049,-0.5343429232,0,0.2193541017,0.1769772386,-0.04237686308,0,0.1274215049,-0.5867943674,-0.2825089544,False,False,0,True,False,False,,False
121,2012-11-26 20:41:00,2012-11-27 15:40:00,FP,18.98333333,34.45,False,0.3432023705,0,-0.3432023705,0,0.3432023705,0,-0.3432023705,0,0,0,0,0,0.252586333,0.2407246415,-0.01186169154,0,0,-0.3432023705,-0.1745666081,False,False,0,True,False,False,,False
122,2012-12-01 17:00:00,2012-12-03 20:00:00,FP,51,97.33333333,True,0.9405257298,0.9405257298,0,0,0.9885973475,0.9891399891,0.0005426416122,0,0.4391508388,1,0.5608491612,0,0.1148226307,0.7043775,0.5895548693,0,0.7043775,0,0.287736668,True,False,0,True,False,False,,False
123,2012-12-14 07:34:00,2012-12-14 17:35:00,Chi,10.01666667,251.5666667,True,0.5036040211,0,-0.5036040211,0,0.9843828896,0,-0.9843828896,0,0.1660518303,0,-0.1660518303,0,0.334742873,0,-0.334742873,0,0,-0.9843828896,-0.4971954035,False,False,0,True,False,False,,False
124,2013-01-17 16:18:00,2013-01-18 12:01:00,Chinchilla,19.71666667,15.21666667,False,1,0.7064554945,-0.2935445055,0,0.9988900254,0.8878918428,-0.1109981826,0,0.9863014793,0.749633925,-0.2366675542,0,0.9851540997,0.710607636,-0.2745464638,0,0.7064554945,-0.2935445055,-0.2289391765,True,False,0,True,False,False,,False
125,2013-01-19 03:14:00,2013-01-19 16:47:00,Chinchilla,13.55,6,False,0.9538070316,0,-0.9538070316,0,0.9940855474,0,-0.9940855474,0,0.462653936,0.2555936039,-0.2070603321,2,0.4646196187,0,-0.4646196187,1,0,-0.9940855474,-0.6548931324,False,False,3,False,False,False,,False
126,2013-01-19 22:47:00,2013-01-20 07:00:00,Chinchilla,8.216666667,6,False,1,0,-1,0,1,0,-1,0,0.4785547667,0.6704823867,0.19192762,1,0.1898007099,0,-0.1898007099,0,0,-1,-0.4994682725,False,False,1,False,False,False,,False
127,2013-02-14 17:40:00,2013-02-16 11:35:00,Chi,41.91666667,23.65,False,0,0.7307173426,0.7307173426,0,0,0.1218099602,0.1218099602,0,0,0.2044959443,0.2044959443,0,0,0.3308648641,0.3308648641,0,0.1218099602,0.1218099602,0.3469720278,False,True,0,True,False,False,,False
128,2013-02-17 11:14:00,2013-02-17 19:18:00,FP,8.066666667,23.65,False,0.3078297176,1,0.6921702824,0,0.9913749311,0.2775118802,-0.713863051,0,0.5007905303,0.5244838843,0.02369335399,0,0.1962703857,0,-0.1962703857,0,0,-0.713863051,-0.04856745007,False,False,0,True,False,False,,False
129,2013-03-17 14:09:00,2013-03-19 16:04:00,Chinchilla,49.91666667,18.78333333,False,0.9855039232,0.9674488982,-0.01805502504,0,0.9570782081,0.9308141402,-0.02626406789,0,0.9294145854,0.9583054424,0.02889085698,0,0.9573357262,0.9521381358,-0.005197590428,0,0.9308141402,-0.02626406789,-0.005156456594,True,False,0,True,False,False,,False
130,2013-03-20 10:51:00,2013-03-22 13:50:00,FP,50.98333333,18.78333333,False,0.1547135938,0.2842403182,0.1295267244,0,0.5353214286,0.1107370165,-0.4245844121,0,0,0.1782436526,0.1782436526,0,0.1275265446,0.1059642748,-0.0215622698,0,0.1059642748,-0.4245844121,-0.03459407622,False,False,0,True,False,False,,False
131,2013-04-14 17:02:00,2013-04-17 05:31:00,Chinchilla,60.48333333,315.35,True,0.4420203316,0.7170152705,0.2749949389,0,0.4564726325,0.3530327133,-0.1034399192,0,0.4126870212,0.7576090245,0.3449220033,0,0.4126870212,0.3525892027,-0.0600978185,0,0.3525892027,-0.1034399192,0.1140948011,False,False,0,True,False,False,,False
132,2013-04-30 08:52:00,2013-05-01 08:47:00,Chinchilla,23.91666667,3.3,False,0.5050923693,0.5198814866,0.01478911731,1,0.5050849245,0.3062568757,-0.1988280488,1,0.4295553891,0.7666697329,0.3371143438,1,0.3964200465,0.3039181649,-0.09250188153,1,0.3039181649,-0.1988280488,0.01514338269,False,False,4,False,False,False,,False
133,2013-05-01 12:05:00,2013-05-01 16:57:00,FP,4.866666667,3.3,False,0.6523626712,0,-0.6523626712,1,0.6859160959,0,-0.6859160959,1,0.6287113584,0,-0.6287113584,1,0,0,0,1,0,-0.6859160959,-0.4917475314,False,False,4,False,False,False,,False
134,2013-05-14 06:00:00,2013-05-15 06:29:00,Chinchilla,24.48333333,8.383333333,False,0,0.5008678466,0.5008678466,2,0.1617051396,0.4863592693,0.3246541298,2,0,0.7161874404,0.7161874404,0,0,0.06916393238,0.06916393238,0,0.06916393238,0.06916393238,0.4027183373,False,True,4,False,False,False,,False
135,2013-05-15 14:52:00,2013-05-17 05:45:00,FP,38.88333333,8.383333333,False,0.4221860837,0.6371551436,0.2149690599,0,0.5535930204,0.4601571939,-0.09343582655,0,0.4200230319,0.6188503572,0.1988273253,0,0.1391037148,0,-0.1391037148,0,0,-0.1391037148,0.04531421096,False,False,0,True,False,False,,False
136,2013-05-17 15:34:00,2013-05-18 00:18:00,FP,8.733333333,9.816666667,False,0,0.2711899173,0.2711899173,1,0.7463437341,0.7495702608,0.003226526718,0,0.5592457697,0.652503785,0.09325801527,1,0,0.4525957379,0.4525957379,0,0.2711899173,0.003226526718,0.2050675493,False,True,2,False,False,False,,False
137,2013-05-20 03:35:00,2013-05-20 09:22:00,FP,5.783333333,51.28333333,True,0,0,0,0,0,0,0,0,0,0,0,0,0,0,0,0,0,0,0,False,False,0,True,False,False,,False
138,2013-05-26 00:13:00,2013-05-26 23:16:00,FP,23.05,134.85,True,0.9996560014,0.5432439021,-0.4564120993,0,0.9972965895,0.5847168113,-0.4125797783,1,0.9863477946,0.3116143408,-0.6747334538,0,0.987496228,0.6225062304,-0.3649899976,1,0.3116143408,-0.6747334538,-0.4771788322,False,False,2,False,False,False,,False
139,2013-06-06 14:23:00,2013-06-07 23:45:00,Chinchilla,33.36666667,255.1166667,True,0.9931698468,0.7033767399,-0.2897931069,0,0.9857192308,0.7332760323,-0.2524431985,0,0.8084505994,0.8798648601,0.07141426074,0,0.7905320929,0.7352568681,-0.05527522478,0,0.7033767399,-0.2897931069,-0.1315243173,True,False,0,True,False,False,,False
140,2013-06-28 03:20:00,2013-06-29 12:32:00,Chinchilla,33.2,135.55,True,0.9565854836,0.5550858099,-0.4014996737,0,0.7771935827,0.538804928,-0.2383886546,0,0.7681275519,0.7436914659,-0.02443608601,0,0.7508579401,0.5099733099,-0.2408846302,0,0.5099733099,-0.4014996737,-0.2263022611,True,False,0,True,False,False,,False
141,2013-07-05 04:05:00,2013-07-07 13:54:00,Chinchilla,57.81666667,61.33333333,True,0.5886266263,0.8526688959,0.2640422696,0,0.9834628808,0.9722495868,-0.01121329394,0,0.9725455367,0.8144394446,-0.1581060921,0,0.4644301912,0.8077934323,0.3433632411,0,0.8077934323,-0.1581060921,0.1095215312,True,False,0,True,False,False,,False
142,2013-07-10 03:14:00,2013-07-12 02:03:00,FP,46.81666667,27.45,False,0.6470173727,0.5669856236,-0.08003174914,0,0.4952941201,0.1848166667,-0.3104774534,0,0.4777076599,0.4246521597,-0.05305550018,0,0.3266264448,0.3726933132,0.0460668684,0,0.1848166667,-0.3104774534,-0.09937445859,False,False,0,True,False,False,,False
143,2013-07-13 05:30:00,2013-07-14 23:31:00,Chinchilla,42.01666667,27.45,False,1,0.7680465093,-0.2319534907,0,0.9985807219,0.8338078408,-0.1647728811,0,0.9952957623,0.8726586804,-0.1226370818,1,0.9940452797,0.8344438252,-0.1596014544,0,0.7680465093,-0.2319534907,-0.169741227,True,False,1,False,False,False,,False
144,2013-07-18 19:00:00,2013-07-19 05:45:00,Chinchilla,10.75,91.48333333,True,0,0.1448797158,0.1448797158,0,0,0,0,0,0,0,0,0,0,0.3100752972,0.3100752972,0,0,0,0.1137387532,False,False,0,True,False,False,,False
145,2013-08-24 00:00:00,2013-08-25 14:00:00,FP,38,167.9166667,True,0.982821864,0.6090255848,-0.3737962792,0,0.9993552047,0.6723143129,-0.3270408918,0,0.9700817544,0.9313053289,-0.03877642544,0,0.9010261769,0.7916748246,-0.1093513523,0,0.6090255848,-0.3737962792,-0.2122412372,True,False,0,True,False,False,,False
146,2013-09-01 13:55:00,2013-09-02 01:59:00,Chinchilla,12.06666667,26.36666667,False,0,0,0,0,0,0,0,0,0,0,0,0,0,0,0,0,0,0,0,False,False,0,True,False,False,,False
147,2013-09-03 04:21:00,2013-09-03 20:04:00,FP,15.71666667,26.36666667,False,0.1478211029,0.6068873807,0.4590662778,0,0.947711983,0.6312472959,-0.3164646872,0,0.1547538706,0.1806700778,0.02591620714,0,0,0,0,0,0,-0.3164646872,0.04212944945,False,False,0,True,False,False,,False
148,2013-10-02 14:30:00,2013-10-02 21:35:00,Chinchilla,7.083333333,1.716666667,False,0.6743512941,0,-0.6743512941,1,0.3348379608,0,-0.3348379608,1,0,0.7245167059,0.7245167059,1,0.3616516863,0,-0.3616516863,1,0,-0.6743512941,-0.1615810588,False,False,4,False,False,False,,False
149,2013-10-02 23:18:00,2013-10-03 14:52:00,Chinchilla,15.56666667,1.716666667,False,1,0.6073629907,-0.3926370093,0,1,0.8970773198,-0.1029226802,0,0.6688007495,1,0.3311992505,0,1,0.6108798001,-0.3891201999,0,0.6073629907,-0.3926370093,-0.1383701597,True,False,0,True,False,False,,False
150,2013-10-09 22:38:00,2013-10-11 03:06:00,FP,28.46666667,42.9,False,0.4677517467,0.4312146077,-0.03653713895,0,0.4711128415,0.4707911397,-0.0003217017955,0,0.3639651737,0.2958126756,-0.06815249805,0,0.447635324,0.3466861827,-0.1009491413,0,0.2958126756,-0.1009491413,-0.05149012002,False,False,0,True,False,False,,False
151,2013-10-12 22:00:00,2013-10-14 07:02:00,FP,33.03333333,42.9,False,0,0.08183620922,0.08183620922,0,0.0404772368,0.04138276993,0.0009055331315,0,0,0.1084047006,0.1084047006,0,0,0,0,0,0,0,0.04778661075,False,False,0,True,False,False,,False
152,2013-10-30 18:33:00,2013-10-31 05:00:00,Chinchilla,10.45,187.25,True,0.1963302764,0,-0.1963302764,0,0.2617687932,0.2671669325,0.005398139288,0,0.2698683147,0.8089690856,0.5391007709,0,0,0.9292420255,0.9292420255,0,0,-0.1963302764,0.3193526648,False,False,0,True,False,False,,False
153,2013-11-08 00:15:00,2013-11-09 06:09:00,Chinchilla,29.9,59.85,True,0.1213127648,0.119454385,-0.001858379784,1,0.09419109996,0,-0.09419109996,1,0.06308473616,0.3902609439,0.3271762077,0,0,0,0,0,0,-0.09419109996,0.057781682,False,False,2,False,False,False,,False
154,2013-11-11 18:00:00,2013-11-12 08:00:00,FP,14,59.85,True,0.8615745437,0,-0.8615745437,1,0.9877173611,0.3341882738,-0.6535290873,0,0.559620377,0.974012004,0.414391627,0,0.559620377,0.1132387698,-0.4463816071,0,0,-0.8615745437,-0.3867734028,False,False,1,False,False,False,,False
155,2013-11-23 00:08:00,2013-11-23 15:35:00,Chinchilla,15.45,80.41666667,True,0,0,0,0,0.1718044768,0,-0.1718044768,0,0,0.161266379,0.161266379,0,0,0,0,0,0,-0.1718044768,-0.002634524452,False,False,0,True,False,False,,False
156,2013-11-27 00:00:00,2013-11-29 00:00:00,Lepping,48,51.55,True,0,0,0,0,0.05587454282,0.233266794,0.1773922512,0,0,0.3820057234,0.3820057234,0,0,0,0,0,0,0,0.1398494936,False,False,0,True,False,False,,False
157,2013-12-01 03:33:00,2013-12-03 03:11:00,Chinchilla,47.63333333,51.55,True,0.7980280791,0.7162649289,-0.08176315022,0,0.9047633835,0.8618473408,-0.04291604269,0,0.7790668824,0.8594891416,0.08042225916,0,0.7784838465,0.8331367098,0.05465286331,0,0.7162649289,-0.08176315022,0.002598982389,True,False,0,True,False,False,,False
158,2013-12-08 16:06:00,2013-12-09 01:58:00,Chinchilla,9.866666667,132.9166667,True,0.1389746622,0,-0.1389746622,0,0,0,0,0,0,0.1582596565,0.1582596565,0,0,0,0,0,0,-0.1389746622,0.004821248592,False,False,0,True,False,False,,False
159,2013-12-15 16:47:00,2013-12-16 01:22:00,Chinchilla,8.583333333,158.8166667,True,1,0.2394387055,-0.7605612945,0,0.9882780259,0.2169271521,-0.7713508738,0,0.9850908414,0.4527293851,-0.5323614563,0,0.9850908414,1,0.01490915858,0,0.2169271521,-0.7713508738,-0.5123411165,False,False,0,True,False,False,,False
160,2013-12-25 03:59:00,2013-12-25 18:35:00,Chinchilla,14.6,218.6166667,True,0.7572517123,0.877873554,0.1206218417,0,0.8286141553,0.7685210997,-0.06009305556,0,0.7068200723,0.8810509703,0.174230898,0,0.1910921043,0,-0.1910921043,0,0,-0.1910921043,0.01091689498,False,False,0,True,False,False,,False
161,2014-01-30 15:22:00,2014-02-01 07:30:00,Chi,40.13333333,114.7,True,0,0.7828873131,0.7828873131,0,0.203136005,0.8618329734,0.6586969684,0,0,0.7569685424,0.7569685424,0,0,0.1934862542,0.1934862542,0,0.1934862542,0.1934862542,0.5980097695,False,True,0,True,False,False,,False
162,2014-02-06 02:12:00,2014-02-07 16:18:00,Chinchilla,38.1,16.05,False,0.4012959318,0.7996492126,0.3983532808,1,0.8550056139,0.8722296734,0.01722405949,0,0.04809260717,0.9914237314,0.9433311242,1,0.0531032371,0.8923710411,0.839267804,0,0.7996492126,0.01722405949,0.5495440671,True,True,2,False,False,False,,False
163,2014-02-08 08:21:00,2014-02-09 15:35:00,FP,31.23333333,16.05,False,0.9162419246,0.283391809,-0.6328501156,0,0.915380354,0,-0.915380354,0,0.2215886339,0.5052105923,0.2836219584,0,0.2198486393,0,-0.2198486393,0,0,-0.915380354,-0.3711142876,False,False,0,True,False,False,,False
164,2014-02-12 09:20:00,2014-02-13 10:13:00,Chi,24.88333333,3.483333333,False,1,0.5596458919,-0.4403541081,0,1,0.8145467069,-0.1854532931,0,0.9711837464,0.8496551239,-0.1215286225,0,0.9689841148,0.4958901094,-0.4730940054,0,0.4958901094,-0.4730940054,-0.3051075073,False,False,0,True,False,False,,False
165,2014-02-13 13:42:00,2014-02-14 04:44:00,Chi,15.03333333,3.483333333,False,0.4389254989,0,-0.4389254989,1,1,0,-1,1,0,0.1074064302,0.1074064302,2,0,1,1,1,0,-1,-0.08287976718,False,False,5,False,False,False,,False
166,2014-02-16 00:43:00,2014-02-16 14:24:00,Chinchilla,13.68333333,43.98333333,False,0.7497860942,0.6918328867,-0.05795320747,0,0.7578487617,0.755862566,-0.001986195696,0,0.4317123833,0.5755394032,0.1438270199,0,0.4018528624,0.1538626878,-0.2479901746,0,0.1538626878,-0.2479901746,-0.04102563946,False,False,0,True,False,False,,False
167,2014-02-18 14:43:00,2014-02-19 09:43:00,Chinchilla,19,2.133333333,False,0.9360814181,0.8785360234,-0.05754539474,0,0.9863847807,0.9834343713,-0.002950409357,0,0.9820181287,0.9950265058,0.01300837719,0,0.9418429678,0.9921457602,0.0503027924,0,0.8785360234,-0.05754539474,0.0007038413743,True,False,0,True,False,False,,False
168,2014-02-19 11:51:00,2014-02-20 02:42:00,Chinchilla,14.85,2.133333333,False,1,0.9799717359,-0.02002826412,0,1,0.9468851104,-0.05311488964,0,0.8255130191,0.928545043,0.1030320239,0,0.9193566779,0.9322308642,0.01287418631,0,0.928545043,-0.05311488964,0.01069076412,True,False,0,True,False,False,,False
169,2014-02-20 10:46:00,2014-02-22 07:06:00,FP,44.33333333,8.066666667,False,0.9509170113,0.5054620614,-0.4454549499,1,0.95031901,0.5999616792,-0.3503573308,1,0.3377377005,0.6054634085,0.267725708,2,0.5949984148,0.6520911028,0.05709268797,2,0.5054620614,-0.4454549499,-0.1177484712,True,False,6,False,False,False,,False
170,2014-02-27 22:00:00,2014-02-28 16:35:00,Turc,18.58333333,134.9,True,0,0.07349460389,0.07349460389,0,0,0,0,0,0,0,0,0,0,0,0,0,0,0,0.01837365097,False,False,0,True,False,False,,False
171,2014-04-05 22:18:00,2014-04-07 14:36:00,Chinchilla,40.3,88.35,True,0.5148644817,0.6953078784,0.1804433967,1,0.7088104149,0.9408888337,0.2320784188,0,0.4931775296,0.9314750896,0.43829756,0,0.3907690447,0.9130645299,0.5222954852,0,0.6953078784,0.1804433967,0.3432787152,True,True,1,False,True,False,,False
172,2014-04-11 06:57:00,2014-04-12 19:00:00,Chinchilla,36.05,88.35,True,0.2324042379,0.6176589767,0.3852547388,0,1,0.7921322084,-0.2078677916,0,0.9802165665,0.8891893127,-0.09102725381,0,0.155523979,0.7921322084,0.6366082293,0,0.6176589767,-0.2078677916,0.1807419807,True,False,0,True,False,False,,False
173,2014-04-20 01:00:00,2014-04-20 10:00:00,RC,9,21.45,False,1,0.07386743827,-0.9261325617,0,1,0.1803367593,-0.8196632407,0,1,0.3898089815,-0.6101910185,0,1,0.2837187963,-0.7162812037,0,0.07386743827,-0.9261325617,-0.7680670062,False,False,0,True,False,False,,False
174,2014-04-21 07:27:00,2014-04-22 07:12:00,Chinchilla,23.75,21.45,False,1,0.6301154152,-0.3698845848,0,1,0.819961076,-0.180038924,0,1,0.8947104444,-0.1052895556,0,0.9960109591,0.8947104444,-0.1013005146,0,0.6301154152,-0.3698845848,-0.1891283947,True,False,0,True,False,False,,False
175,2014-04-29 19:31:00,2014-04-30 16:00:00,Chinchilla,20.48333333,103,True,0.28143492,0.7136009086,0.4321659886,0,0.9097701248,0.871102658,-0.03866746678,0,0.9019405614,0.9298416056,0.02790104421,0,0,0,0,0,0,-0.03866746678,0.1053498915,False,False,0,True,False,False,,False
176,2014-05-04 23:00:00,2014-05-05 20:06:00,FP,21.1,103,True,0.1591787388,0.2939152054,0.1347364666,0,0.328887862,0.2862004476,-0.04268741443,0,0.1178293707,0.5592416535,0.4414122828,0,0.1009321222,0.3249345445,0.2240024223,0,0.2862004476,-0.04268741443,0.1893659393,False,False,0,True,False,False,,False
177,2014-05-30 13:00:00,2014-06-01 06:43:00,FP,41.71666667,180.4833333,True,0.8507817952,0.9626915701,0.1119097749,0,0.98125004,0.9826137368,0.001363696897,0,0.2562707751,0.9740518777,0.7177811027,0,0.252308623,0.9740931149,0.7217844919,0,0.9626915701,0.001363696897,0.3882097666,True,True,0,True,True,True,4,False
178,2014-06-08 19:12:00,2014-06-10 16:47:00,Chinchilla,45.58333333,180.4833333,True,1,0.7486962279,-0.2513037721,0,0.4062998172,0.09839369896,-0.3079061182,0,0.2164376234,0.887299543,0.6708619196,0,0.4109350274,0.7216761487,0.3107411213,0,0.09839369896,-0.3079061182,0.1055982876,False,False,0,True,False,False,,False
179,2014-06-22 17:46:00,2014-06-23 22:18:00,Chinchilla,28.53333333,142.4666667,True,0,0,0,0,0,0,0,0,0,0.3425232671,0.3425232671,0,0,0,0,0,0,0,0.08563081678,False,False,0,True,False,False,,False
180,2014-06-29 20:46:00,2014-06-30 11:16:00,Chinchilla,14.5,63.85,True,0.420895,0.7605993295,0.3397043295,0,0.5397109579,0.7340451341,0.1943341762,0,0.1093138889,0.6586311877,0.5493172989,0,0,0.6078555172,0.6078555172,0,0.6078555172,0.1943341762,0.4228028305,True,True,0,True,True,True,1,True
181,2014-07-03 03:07:00,2014-07-03 11:26:00,Chinchilla,8.316666667,63.85,True,0,0.1614216767,0.1614216767,0,0,0,0,0,0,0.3259009686,0.3259009686,0,0,0.1830097528,0.1830097528,0,0,0,0.1675830995,False,False,0,True,False,False,,False
182,2014-07-13 09:54:00,2014-07-14 09:00:00,FP,23.1,10.76666667,False,0.9597242304,0.9419719937,-0.01775223665,0,0.9670926647,0.8861805435,-0.08091212121,0,0.9324172318,0.9631607624,0.03074353054,0,0.9170640091,0.9670926647,0.0500286556,0,0.8861805435,-0.08091212121,-0.004473042929,True,False,0,True,False,False,,False
183,2014-07-14 19:46:00,2014-07-15 00:11:00,FP,4.416666667,10.76666667,False,0,0,0,2,0.5476724528,0,-0.5476724528,1,0,0,0,2,0,0,0,2,0,-0.5476724528,-0.1369181132,False,False,7,False,False,False,,False
184,2014-08-10 09:50:00,2014-08-10 19:06:00,FP,9.266666667,214.3833333,True,0.543294964,0.1626302158,-0.3806647482,0,0.9128695444,0.4371600719,-0.4757094724,0,0.8889557254,0.5760347422,-0.3129209832,0,0.5256877998,0.7206295863,0.1949417866,0,0.1626302158,-0.4757094724,-0.2435883543,False,False,0,True,False,False,,False
185,2014-08-19 17:29:00,2014-08-21 18:51:00,Chinchilla,49.36666667,66.4,True,0.7314840423,0.9705023183,0.2390182759,0,0.804128905,0.9688744261,0.164745521,0,0.6616423138,0.9494437092,0.2878013955,0,0.6610876772,0.8229985877,0.1619109104,0,0.8229985877,0.1619109104,0.2133690257,True,True,0,True,True,True,2,False
186,2014-08-24 13:15:00,2014-08-25 05:26:00,FP,16.18333333,45.68333333,False,0,0,0,0,0,0,0,0,0,0.4179429454,0.4179429454,0,0,0,0,0,0,0,0.1044857364,False,False,0,True,False,False,,False
187,2014-08-27 03:07:00,2014-08-27 22:00:00,Chinchilla,18.88333333,45.68333333,False,0.5901292733,0.9957910121,0.4056617387,0,0.5887603119,0.5944671227,0.005706810827,0,0.5727407326,0.9611546926,0.38841396,0,0.5265364372,0.9745613122,0.448024875,0,0.5944671227,0.005706810827,0.3119518461,True,True,0,True,False,False,,False
188,2014-09-06 18:24:00,2014-09-08 07:06:00,FP,36.7,97.9,True,0.8373044278,0.8460190963,0.008714668483,0,0.8939970708,0.7820791326,-0.1119179382,0,0.8424815319,0.8969697396,0.05448820769,0,0.09399358159,0.2947564563,0.2007628747,0,0.2947564563,-0.1119179382,0.03801195315,False,False,0,True,False,False,,False
189,2014-09-12 09:00:00,2014-09-12 15:00:00,FP,6,6.666666667,False,0.91411625,1,0.08588375,0,0.9095525926,0,-0.9095525926,1,0,0,0,2,0,0,0,2,0,-0.9095525926,-0.2059172106,False,False,5,False,False,False,,False
190,2014-09-12 21:40:00,2014-09-14 11:51:00,Chinchilla,38.18333333,6.666666667,False,1,1,0,0,1,0.9993152044,-0.0006847955769,0,0.7292368616,0.9257425869,0.1965057253,0,0.7098597119,1,0.2901402881,0,0.9257425869,-0.0006847955769,0.1214903045,True,False,0,True,False,False,,False
191,2014-09-17 02:00:00,2014-09-18 20:00:00,RC,42,62.15,True,0.6094976984,0.5641736971,-0.04532400132,1,1,0.7683104828,-0.2316895172,0,0.6838650794,0.8244122288,0.1405471495,0,0.4585222817,0.7669899802,0.3084676984,0,0.5641736971,-0.2316895172,0.04300033234,True,False,1,False,False,False,,False
192,2014-12-22 01:06:00,2014-12-23 10:23:00,FP,33.28333333,25.51666667,False,0.854999783,0.297680237,-0.557319546,0,0.8533027374,0.3576326573,-0.4956700801,0,0.4266171925,0.6439121933,0.2172950008,0,0.4216254548,0.234638416,-0.1869870389,0,0.234638416,-0.557319546,-0.255670416,False,False,0,True,False,False,,False
193,2014-12-24 11:54:00,2014-12-26 15:54:00,Chi,52,25.51666667,False,0.2538100107,0.635224578,0.3814145673,1,0.1829594712,0.1219220726,-0.0610373985,0,0,0.378866047,0.378866047,0,0,0,0,0,0,-0.0610373985,0.174810804,False,False,1,False,False,False,,False
194,2015-01-02 14:34:00,2015-01-02 20:25:00,Chi,5.85,20.86666667,False,0.2668797721,0.570465717,0.3035859449,0,0.4347567426,0.4442725071,0.009515764482,0,0,0.2521278253,0.2521278253,0,0,0,0,0,0,0,0.1413073837,False,False,0,True,False,False,,False
195,2015-01-03 17:17:00,2015-01-04 06:34:00,Chi,13.28333333,20.86666667,False,1,0,-1,0,1,0.4073355291,-0.5926644709,0,0.6011767252,0.2590839189,-0.3420928064,0,0.4736020703,0.1316406524,-0.3419614178,0,0,-1,-0.5691796738,False,False,0,True,False,False,,False
196,2015-01-07 07:51:00,2015-01-07 20:18:00,Chinchilla,12.45,73.28333333,True,0.9981833556,0.4213993307,-0.576784025,0,0.9981833556,0.6412482374,-0.3569351183,0,0.9762405399,0.7944073182,-0.1818332218,0,0.9807302097,0.9395858768,-0.04114433289,0,0.4213993307,-0.576784025,-0.2891741745,False,False,0,True,False,False,,False
197,2015-01-11 10:54:00,2015-01-11 19:23:00,Chi,8.483333333,86.6,True,0.8696352325,0,-0.8696352325,0,0.9562787819,0,-0.9562787819,0,0,0.383467518,0.383467518,0,0,0,0,0,0,-0.9562787819,-0.3606116241,False,False,0,True,False,False,,False
198,2015-02-16 13:16:00,2015-02-17 04:14:00,FP,14.96666667,656.7666667,True,0.3677560319,0.2059543801,-0.1618016518,0,0.3584290275,0,-0.3584290275,0,0.2666110616,0,-0.2666110616,0,0,0.1110664625,0.1110664625,0,0,-0.3584290275,-0.1689438196,False,False,0,True,False,False,,False
199,2015-03-16 13:00:00,2015-03-16 22:00:00,RC,9,15.96666667,False,0.4522870679,0,-0.4522870679,0,0.3499521605,0,-0.3499521605,0,0.1887185185,0.2589743519,0.07025583333,0,0.2435954321,0,-0.2435954321,0,0,-0.4522870679,-0.2438947068,False,False,0,True,False,False,,False
200,2015-03-17 13:58:00,2015-03-18 09:48:00,FP,19.83333333,15.96666667,False,0.5426471148,0,-0.5426471148,0,0.6987520168,0.3990540336,-0.2996979832,0,0.1686789776,0,-0.1686789776,0,0.430525028,0,-0.430525028,0,0,-0.5426471148,-0.3603872759,False,False,0,True,False,False,,False
201,2015-03-21 20:18:00,2015-03-22 02:06:00,Chi,5.8,8.75,False,1,0,-1,0,0.8482994732,0,-0.8482994732,0,0.5145466954,0.3834551245,-0.1310915709,1,0.758630795,0,-0.758630795,0,0,-1,-0.6845054598,False,False,1,False,False,False,,False
202,2015-03-22 10:51:00,2015-03-22 23:56:00,FP,13.08333333,8.75,False,0.8901298726,0,-0.8901298726,1,0.7519282378,0,-0.7519282378,0,0.4522328662,0,-0.4522328662,2,0.6808182378,0,-0.6808182378,0,0,-0.8901298726,-0.6937773036,False,False,3,False,False,False,,False
203,2015-03-28 05:00:00,2015-03-29 14:10:00,Chinchilla,33.16666667,52.13333333,True,0.8515033836,0.7168704858,-0.1346328978,0,1,0.8143275042,-0.1856724958,0,0.9150146734,0.8143287018,-0.1006859715,0,0.6524680318,0.7772293802,0.1247613484,0,0.7168704858,-0.1856724958,-0.07405750419,True,False,0,True,False,False,,False
204,2015-03-31 18:18:00,2015-04-01 09:50:00,Chinchilla,15.53333333,52.13333333,True,0.9824776288,0.7600749464,-0.2224026824,0,1,0.9807126967,-0.01928730329,0,0.9647013948,0.9929289342,0.02822753934,0,0.8905634478,0.9806430436,0.09007959585,0,0.7600749464,-0.2224026824,-0.03084571263,True,False,0,True,False,False,,False
205,2015-04-10 00:39:00,2015-04-11 09:36:00,Chinchilla,32.95,206.8166667,True,0.8933061372,0.6537714719,-0.2395346653,0,0.9464684455,0.7282749958,-0.2181934497,1,0.7132862081,0.6185702411,-0.09471596695,1,0.4064908869,0.6085736554,0.2020827685,0,0.6085736554,-0.2395346653,-0.08759032836,True,False,2,False,False,False,,False
206,2015-04-30 05:33:00,2015-05-01 12:36:00,Chi,31.05,123.0833333,True,0.09092886921,0.9021208356,0.8111919664,0,0.06972450349,0.7262102076,0.6564857041,0,0,0.8664970209,0.8664970209,0,0,0.3174866881,0.3174866881,0,0.3174866881,0.3174866881,0.6629153449,False,True,0,True,False,False,,False
207,2015-05-06 15:41:00,2015-05-07 15:19:00,Chinchilla,23.63333333,6.383333333,False,0.9948493771,0.6521993183,-0.3426500588,0,1,0.8465537494,-0.1534462506,0,0.9903175247,0.9247163611,-0.06560116361,0,0.872062788,0.320109779,-0.5519530089,1,0.320109779,-0.5519530089,-0.2784126205,False,False,1,False,False,False,,False
208,2015-05-07 21:42:00,2015-05-08 03:00:00,Chi,5.3,3.816666667,False,0,0,0,3,1,0,-1,2,0,1,1,2,0,0.8210241614,0.8210241614,2,0,-1,0.2052560404,False,False,9,False,False,False,,False
209,2015-05-08 06:49:00,2015-05-09 10:56:00,Chinchilla,28.11666667,3.816666667,False,0.9737065007,0.6861262596,-0.2875802411,0,0.9649304189,0.7806822071,-0.1842482118,0,0.9571089014,1,0.0428910986,0,0.9288656096,0.9951455444,0.0662799348,0,0.6861262596,-0.2875802411,-0.09066435487,True,False,0,True,False,False,,False
210,2015-05-10 12:12:00,2015-05-11 04:09:00,Chinchilla,15.95,25.26666667,False,0.6908761059,0.6359332288,-0.05494287705,0,0.7476450366,0.4434111111,-0.3042339255,0,0.5258861546,0.8692320272,0.3433458725,0,0.4759848137,0.7527204458,0.2767356322,0,0.4434111111,-0.3042339255,0.06522617555,False,False,0,True,False,False,,False
211,2015-05-18 22:36:00,2015-05-19 01:55:00,Chi,3.316666667,39.08333333,False,0.9685747069,0,-0.9685747069,0,0.9646520938,0,-0.9646520938,0,0.8262155779,0,-0.8262155779,0,0.9417348409,0,-0.9417348409,0,0,-0.9685747069,-0.9252943049,False,False,0,True,False,False,,False
212,2015-05-20 17:00:00,2015-05-21 06:17:00,Chi,13.28333333,39.08333333,False,0,0.8020089921,0.8020089921,0,0,0.7607077792,0.7607077792,0,0,0.2680454831,0.2680454831,0,0,0,0,0,0,0,0.4576905636,False,False,0,True,False,False,,False
213,2015-06-17 05:17:00,2015-06-18 00:08:00,Chi,18.85,93.4,True,0.608611008,0.660926422,0.05231541409,0,0.2877068818,0.4838370469,0.196130165,0,0,0.7844500589,0.7844500589,0,0,0.7843264515,0.7843264515,0,0.4838370469,0.05231541409,0.4543055224,False,True,0,True,False,False,,False
214,2015-06-21 21:32:00,2015-06-22 05:08:00,Chi,7.6,21.1,False,0,0,0,0,0,0,0,0,0,0.2341575658,0.2341575658,0,0,0,0,0,0,0,0.05853939145,False,False,0,True,False,False,,False
215,2015-06-23 02:14:00,2015-06-24 13:08:00,Chinchilla,34.9,19.86666667,False,0.6275453438,0.4720131407,-0.1555322031,0,0.6958864613,0,-0.6958864613,0,0.5512493633,0.6605311684,0.1092818052,0,0.65267734,0.06841743871,-0.5842599013,0,0,-0.6958864613,-0.3315991901,False,False,0,True,False,False,,False
216,2015-06-25 09:00:00,2015-06-26 06:25:00,Chi,21.41666667,19.86666667,False,0.9806234371,0.1856086252,-0.7950148119,0,0.9784202464,0.0921783917,-0.8862418547,0,0.1075884176,0.3418057198,0.2342173022,0,0.2548704021,0.2636359403,0.008765538262,0,0.0921783917,-0.8862418547,-0.3595684565,False,False,0,True,False,False,,False
217,2015-07-13 13:34:00,2015-07-14 21:55:00,FP,32.35,415.15,True,0.9837504637,0.6252133694,-0.3585370943,0,0.9884828954,0.7099340117,-0.2785488837,1,0.4432634295,0.7874027907,0.3441393612,0,0.4245147175,0.6153660227,0.1908513052,1,0.6153660227,-0.3585370943,-0.02552382792,True,False,2,False,False,False,,False
218,2015-08-07 15:00:00,2015-08-08 13:00:00,FP,22,175.7,True,0.9849681313,0.6294759217,-0.3554922096,0,1,0.6856039015,-0.3143960985,0,0.9287092172,0.8452111995,-0.08349801768,0,0.8915514899,0.5933933586,-0.2981581313,0,0.5933933586,-0.3554922096,-0.2628861143,True,False,0,True,False,False,,False
219,2015-08-15 20:42:00,2015-08-16 06:51:00,Chi,10.15,135.75,True,0.6418373837,0.601449179,-0.04038820471,0,0.5798484401,0.485132266,-0.09471617406,0,0.5430875753,0.6554346196,0.1123470443,0,0.5782208539,0.4809249589,-0.09729589491,0,0.4809249589,-0.09729589491,-0.03001330733,False,False,0,True,False,False,,False
220,2015-08-21 22:36:00,2015-08-22 13:55:00,Chi,15.31666667,90.66666667,True,0.1646714545,0.2221365433,0.05746508886,0,0.8541668118,0.8560861262,0.001919314472,0,0.5481710555,0.8863002902,0.3381292347,0,0,0.5744676641,0.5744676641,0,0.2221365433,0.001919314472,0.2429953255,False,True,0,True,False,False,,False
221,2015-08-26 08:35:00,2015-08-27 04:09:00,FP,19.56666667,4.85,False,1,0.5643921352,-0.4356078648,0,1,0.9713885009,-0.02861149915,0,1,0.9793255253,-0.02067447473,0,0.9807278109,0.9644411414,-0.01628666951,0,0.5643921352,-0.4356078648,-0.1252951271,True,False,0,True,False,False,,False
222,2015-08-27 09:00:00,2015-08-28 17:17:00,Chi,32.28333333,4.85,False,0.9641565737,0.4454311048,-0.5187254689,1,0.9641565737,0.5081256496,-0.4560309241,1,0.9361616159,0.9922043366,0.0560427207,0,0.6327362502,0.3305853726,-0.3021508776,1,0.3305853726,-0.5187254689,-0.3052161375,False,False,3,False,False,False,,False
223,2015-09-07 23:08:00,2015-09-09 14:52:00,Chinchilla,39.73333333,186.05,True,1,0.728635186,-0.271364814,0,1,0.7529134018,-0.2470865982,0,1,0.7957509438,-0.2042490562,0,0.858060186,0.7736415968,-0.08441858921,0,0.728635186,-0.271364814,-0.2017797644,True,False,0,True,False,False,,False
224,2015-09-17 08:55:00,2015-09-17 19:44:00,Chi,10.81666667,186.05,True,0.4435770673,0.2789261941,-0.1646508731,0,0.6793974833,0.3675937596,-0.3118037237,0,0,0.7604763739,0.7604763739,0,0.1698052902,0.283876451,0.1140711608,0,0.2789261941,-0.3118037237,0.09952323446,False,False,0,True,False,False,,False
225,2015-10-06 21:45:00,2015-10-07 10:29:00,Chinchilla,12.73333333,434.3166667,True,0.3897646161,0.1678694154,-0.2218952007,0,0.3663666885,0.1915926702,-0.1747740183,1,0,0.7527228621,0.7527228621,0,0,0,0,1,0,-0.2218952007,0.08901341078,False,False,2,False,False,False,,False
226,2015-10-25 12:48:00,2015-10-28 10:00:00,Chinchilla,69.2,237.2833333,True,0.2178959176,0.6562796684,0.4383837508,0,0.5254736834,0.454250859,-0.07122282434,0,0.2436770753,0.6198150008,0.3761379255,0,0.2016431278,0.6202301341,0.4185870063,0,0.454250859,-0.07122282434,0.2904714646,False,False,0,True,False,False,,False
227,2015-11-07 07:17:00,2015-11-08 16:35:00,Chinchilla,33.3,168.1666667,True,0.5386966967,0.1959575409,-0.3427391558,0,0.5386966967,0.2774826243,-0.2612140724,0,0.538551001,0.3853833917,-0.1531676093,0,0.5386966967,0.2774826243,-0.2612140724,0,0.1959575409,-0.3427391558,-0.2545837275,False,False,0,True,False,False,,False
228,2015-11-15 16:45:00,2015-11-17 20:00:00,FP,51.25,168.1666667,True,0.7518685203,0.9169174743,0.1650489539,0,0.9659655339,0.8628400271,-0.1031255068,0,0.1354849051,0.79678,0.6612950949,0,0.03534125203,0.8915634743,0.8562222222,0,0.79678,-0.1031255068,0.3948601911,True,False,0,True,False,False,,False
229,2015-12-20 15:00:00,2015-12-21 20:37:00,FP,29.61666667,237.9166667,True,0.9963162071,0.5022550178,-0.4940611893,0,0.9926538829,0.8098552429,-0.18279864,0,0.9796137122,0.9852171356,0.005603423373,0,0.9796137122,0.8960446914,-0.08356902082,0,0.5022550178,-0.4940611893,-0.1887063567,True,False,0,True,False,False,,False
230,2015-12-31 18:32:00,2015-12-31 23:59:00,FP,5.45,237.9166667,True,1,0,-1,0,1,0,-1,0,1,0,-1,0,1,0,-1,0,0,-1,-1,False,False,0,True,False,False,,False
